/*
-- Query: SELECT * FROM skysearch.ss_member
LIMIT 0, 1000

-- Date: 2018-07-24 11:20
*/


DELETE FROM SS_INT_LOCAL;
DELETE FROM SS_AUT_MEM_REL;
DELETE FROM SS_AUTHORITY;
DELETE FROM ss_member;
DELETE FROM ss_city;
DELETE FROM ss_country;
DELETE FROM ss_local;
DELETE FROM ss_travel_info;
DELETE FROM ss_attachfile;
DELETE FROM ss_comment;
DELETE FROM ss_contactus;




INSERT INTO `ss_member` (`MEMBER_SEQ`,`EMAIL`,`PASSWORD`,`NAME`,`PHONE`,`ENABLE`,`REGISTER_SEQ`,`REGISTRY_DATE`,`MODIFIER_SEQ`,`MODIFY_DATE`) VALUES ('02a5287f6d5245929cf733fd5fb149b0','gree@naver.com','gree123','유그리','010-8888-9878','Y','UUID-1111-1111111','2016-02-15 18:56:41','UUID-1111-1111111','2018-07-19 18:56:41'),
('0f7dbd5d447f441a935c0be9946d438c','mc1503@naver.com','mc1503','멀캠','010-9876-5555','Y','UUID-1111-1111111','2017-01-05 10:09:26','UUID-1111-1111111','2018-07-24 10:12:59'),
('11d5aa3e18ce4efb93fd25f70910b3f9','dbxorms1234@naver.com','tk123456','박보금','010-2222-9999','Y','UUID-1111-1111111','2016-05-20 09:15:40','UUID-1111-1111111','2018-07-23 13:35:38'),
('15a55284a0c94cc187a4740cbbb19afb','jake0119@naver.com','1234qwer','이승주','010-2650-6850','Y','UUID-1111-1111111','2018-03-15 10:51:23','UUID-1111-1111111','2018-07-24 10:51:23'),
('34713de0dc99487e96f3b58bd04a0341','haio@naver.com','hajo88','하이요','010-6666-8432','Y','UUID-1111-1111111','2018-04-24 10:02:17','UUID-1111-1111111','2018-07-24 10:05:35'),
('71c56de9b1ce4873b15a48080b8f6933','piggy@skysearch.com','1234qwer','피기','010-5487-2677','Y','UUID-1111-1111111','2017-11-23 10:23:09','UUID-1111-1111111','2018-07-23 10:24:06'),
('8d0bfcc9d33042ad9b1ae23536c66c0e','admin123@naver.com','dlalswjd24','하이염','010-7777-7777','Y','UUID-1111-1111111','2017-12-01 10:24:57','UUID-1111-1111111','2018-07-24 10:24:57'),
('ae8f69b60be2473c8de24926adde2306','dk@naver.com','dlalswjd24','이만정','010-1111-1111','Y','UUID-1111-1111111','2018-02-28 10:22:45','UUID-1111-1111111','2018-07-24 10:22:45'),
('c035a6bedd8347eebfadeae84d98723a','admin123@naver.com','dlalswjd24','이문지','010-4444-4444','Y','UUID-1111-1111111','2018-03-11 10:23:39','UUID-1111-1111111','2018-07-24 10:23:39'),
('SYSUID-SS001','system@skysearch.com','system123','system','0803691234','Y','UUID-1111-1111111','2018-01-17 18:17:06','UUID-1111-1111111','2018-07-23 14:18:03'),
('SYSUID-SS002','admin@skysearch.com','admin123','admin','0803691234','Y','UUID-1111-1111111','2018-01-18 18:17:06','UUID-1111-1111111','2018-07-23 13:37:21'),
('SYSUID-SS003','jake0119@skysearch.com','jake123','jake','0803691234','Y','UUID-1111-1111111','2018-02-17 18:17:06','UUID-1111-1111111','2018-07-18 10:21:34'),
('SYSUID-SS004','jinwoo@skysearch.com','jinwoo123','jinwoo','0803691234','Y','UUID-1111-1111111','2018-02-1918:17:06','UUID-1111-1111111','2018-07-17 18:17:06'),
('SYSUID-SS005','inhog1993@skysearch.com','inhog123','inhog','0803691234','Y','UUID-1111-1111111','2018-02-20 18:17:06','UUID-1111-1111111','2018-07-17 18:17:06'),
('SYSUID-SS006','daeyeon1993@skysearch.com','daeyeon123','haribo','0803691234','Y','UUID-1111-1111111','2018-03-03 18:17:06','UUID-1111-1111111','2018-07-17 18:17:06'),
('SYSUID-SS007','kkc0121@skysearch.com','kkc0121','kyungchual','0803691234','Y','UUID-1111-1111111','2018-03-13 18:17:06','UUID-1111-1111111','2018-07-17 18:17:06'),
('SYSUID-SS008','minchae@skysearch.com','minchae0929','minchae','0803691234','Y','UUID-1111-1111111','2018-03-13 18:17:06','UUID-1111-1111111','2018-07-17 18:17:06'),
('SYSUID-SS009','yoogree@skysearch.com','yoogree0106','taegun','0803691234','Y','UUID-1111-1111111','2018-03-22 18:17:06','UUID-1111-1111111','2018-07-17 18:17:06'),
('SYSUID-SS010','jinicat@skysearch.com','jini0924','limjinhee','0803691234','Y','UUID-1111-1111111','2018-04-01 18:17:06','UUID-1111-1111111','2018-07-17 18:17:06'),
('SYSUID-SS011','redhat@skysearch.com','jogyo09','kyungtag','0803691234','Y','UUID-1111-1111111','2018-04-11 18:17:06','UUID-1111-1111111','2018-07-17 18:17:06'),
('SYSUID-SS012','0knave0@skysearch.com','jhds0609','daseul','0803691234','Y','UUID-1111-1111111','2018-04-28 18:17:06','UUID-1111-1111111','2018-07-24 10:33:51'),
('SYSUID-SS013','bongohdori@skysearch.com','noanimal','LeeBongHo','0803691234','Y','UUID-1111-1111111','2018-05-01 18:17:06','UUID-1111-1111111','2018-07-17 18:17:06'),
('SYSUID-SS014','mrclap@skysearch.com','clap1234','ParkSooHyung','0803691234','Y','UUID-1111-1111111','2018-05-01 18:17:06','UUID-1111-1111111','2018-07-17 18:17:06'),
('SYSUID-SS015','heegeon7958@skysearch.com','heegeon7958','KimHeeGeon','0803691234','Y','UUID-1111-1111111','2018-05-09 18:17:06','UUID-1111-1111111','2018-07-17 18:17:06'),
('SYSUID-SS016','baaaaro@skysearch.com','baro123','YouByungUk','0803691234','Y','UUID-1111-1111111','2018-05-27 18:17:06','UUID-1111-1111111','2018-07-17 18:17:06'),
('SYSUID-SS017','ej2677@skysearch.com','ej1234','KimEunJi','0803691234','Y','UUID-1111-1111111','2018-02-17 18:17:06','UUID-1111-1111111','2018-07-17 18:17:06'),
('SYSUID-SS018','bohyuni@skysearch.com','rkskek123','KimBoHyun','0803691234','Y','UUID-1111-1111111','2018-04-10 18:17:06','UUID-1111-1111111','2018-07-17 18:17:06'),
('SYSUID-SS019','dodu0119@skysearch.com','dodu123','LeeSeungJu','01026506850','Y','UUID-1111-1111111','2018-05-29 18:17:06','UUID-1111-1111111','2018-07-17 18:17:06'),
('SYSUID-SS020','minjeong@skysearch.com','mj0204','LeeMinJeong','0803691234','Y','UUID-1111-1111111','2018-05-29 18:17:06','UUID-1111-1111111','2018-07-17 18:17:06'),
('SYSUID-SS021','scott@skysearch.com','tiger','SCOTT','0803691234','Y','UUID-1111-1111111','2018-06-01 18:17:06','UUID-1111-1111111','2018-07-17 18:17:06'),
('SYSUID-SS022','antman@skysearch.com','giantman123','antman','0803691234','Y','UUID-1111-1111111','2018-06-02 18:17:06','UUID-1111-1111111','2018-07-17 18:17:06'),
('SYSUID-SS023','ironman@skysearch.com','fhekwn123','RobertDauniJr','0803691234','Y','UUID-1111-1111111','2018-06-05 18:17:06','UUID-1111-1111111','2018-07-24 10:26:36'),
('SYSUID-SS024','captinameri@skysearch.com','cptn123','Steven','0803691234','Y','UUID-1111-1111111','2018-06-07 18:17:06','UUID-1111-1111111','2018-07-17 18:17:06'),
('SYSUID-SS025','blackpanther@skysearch.com','godpanther','ChadwickBoseman','0803691234','Y','UUID-1111-1111111','2018-06-10 18:17:06','UUID-1111-1111111','2018-07-17 18:17:06'),
('SYSUID-SS026','hulk@skysearch.com','hulkbest1','Hulk','0803691234','Y','UUID-1111-1111111','2018-02-17 18:17:06','UUID-1111-1111111','2018-07-17 18:17:06'),
('SYSUID-SS027','Thorsonofodin@skysearch.com','godofhammer','ChrisHemsworth','0803691234','Y','UUID-1111-1111111','2018-04-10 18:17:06','UUID-1111-1111111','2018-07-17 18:17:06'),
('SYSUID-SS028','vision@skysearch.com','mindstone123','PaulBettany','0803691234','Y','UUID-1111-1111111','2018-02-17 18:17:06','UUID-1111-1111111','2018-07-17 18:17:06'),
('SYSUID-SS029','human@skysearch.com','human1234','human','0803691234','Y','UUID-1111-1111111','2018-06-15 18:17:06','UUID-1111-1111111','2018-07-17 18:17:06'),
('SYSUID-SS030','mc1501@skysearch.com','mc1501','SinSol','0803691234','Y','UUID-1111-1111111','2018-06-17 18:17:06','UUID-1111-1111111','2018-07-17 18:17:06'),
('SYSUID-SS031','loki@skysearch.com','loki123','TomHedle','0803691234','Y','UUID-1111-1111111','2018-06-17 18:17:06','UUID-1111-1111111','2018-07-17 18:17:06'),
('SYSUID-SS032','hajin@skysearch.com','hajin123','jake','0803691234','Y','UUID-1111-1111111','2018-06-19 18:17:06','UUID-1111-1111111','2018-07-17 18:17:06'),
('SYSUID-SS033','hotto@skysearch.com','hotto123','jake','0803691234','Y','UUID-1111-1111111','2018-06-19 18:17:06','UUID-1111-1111111','2018-07-17 18:17:06'),
('SYSUID-SS034','hobit@skysearch.com','hobit123','hobit','0803691234','Y','UUID-1111-1111111','2018-06-21 18:17:06','UUID-1111-1111111','2018-07-17 18:17:06'),
('SYSUID-SS035','martin@skysearch.com','martin123','martin','0803691234','Y','UUID-1111-1111111','2018-06-21 18:17:06','UUID-1111-1111111','2018-07-17 18:17:06'),
('SYSUID-SS036','ianmckellen@skysearch.com','ianmckellen123','ianmckellen','0803691234','Y','UUID-1111-1111111','2018-06-22 18:17:06','UUID-1111-1111111','2018-07-17 18:17:06'),
('SYSUID-SS037','richard@skysearch.com','richard123','richard','0803691234','Y','UUID-1111-1111111','2018-06-22 18:17:06','UUID-1111-1111111','2018-07-17 18:17:06'),
('SYSUID-SS038','catevlanchett@skysearch.com','catevlanchett123','catevlanchett','0803691234','N','UUID-1111-1111111','2018-06-24 18:17:06','UUID-1111-1111111','2018-07-17 18:17:06'),
('SYSUID-SS039','orlando@skysearch.com','orlando123','orlando','0803691234','Y','UUID-1111-1111111','2018-06-24 18:17:06','UUID-1111-1111111','2018-07-17 18:17:06'),
('SYSUID-SS040','evanlilly@skysearch.com','lilly121','lilly','0803691234','Y','UUID-1111-1111111','2018-06-26 18:17:06','UUID-1111-1111111','2018-07-17 18:17:06'),
('SYSUID-SS041','lukeevans@skysearch.com','lukeevans29','lukeevans','0803691234','Y','UUID-1111-1111111','2018-06-26 18:17:06','UUID-1111-1111111','2018-07-17 18:17:06'),
('SYSUID-SS042','aidanturner@skysearch.com','aidanturner06','aidanturner','0803691234','N','UUID-1111-1111111','2018-06-27 18:17:06','UUID-1111-1111111','2018-07-21 16:25:05'),
('SYSUID-SS043','leepace@skysearch.com','leepace924','leepace','0803691234','Y','UUID-1111-1111111','2018-06-27 18:17:06','UUID-1111-1111111','2018-07-17 18:17:06'),
('SYSUID-SS044','johnnydepp@skysearch.com','johnnydepp01','johnnydepp','0803691234','Y','UUID-1111-1111111','2018-04-17 18:17:06','UUID-1111-1111111','2018-07-17 18:17:06'),
('SYSUID-SS045','javierbar0@skysearch.com','javierbardem609','javierbardem','0803691234','Y','UUID-1111-1111111','2018-04-30 18:17:06','UUID-1111-1111111','2018-07-17 18:17:06'),
('SYSUID-SS046','brenton14@skysearch.com','brenton14','brenton','0803691234','Y','UUID-1111-1111111','2018-03-31 18:17:06','UUID-1111-1111111','2018-07-17 18:17:06'),
('SYSUID-SS047','geoffrey17@skysearch.com','geoffrey234','geoffrey','0803691234','Y','UUID-1111-1111111','2018-04-29 18:17:06','UUID-1111-1111111','2018-07-17 18:17:06'),
('SYSUID-SS048','kayada@skysearch.com','kayada58','kaya','0803691234','Y','UUID-1111-1111111','2018-05-28 18:17:06','UUID-1111-1111111','2018-07-17 18:17:06'),
('SYSUID-SS049','wenhamaro@skysearch.com','davidam','davidwenham','0803691234','Y','UUID-1111-1111111','2018-06-29 18:17:06','UUID-1111-1111111','2018-07-17 18:17:06'),
('SYSUID-SS050','keiraknight@skysearch.com','keira87','keiraknightly','0803691234','Y','UUID-1111-1111111','2018-05-30 18:17:06','UUID-1111-1111111','2018-07-17 18:17:06'),
('SYSUID-SS051','elijahhoho@skysearch.com','elijahobit','elijahwood','0803691234','Y','UUID-1111-1111111','2018-07-01 18:17:06','UUID-1111-1111111','2018-07-17 18:17:06'),
('SYSUID-SS052','seanastin@skysearch.com','seanastin321','seanastin','01026506850','Y','UUID-1111-1111111','2018-07-17 18:17:06','UUID-1111-1111111','2018-07-17 18:17:06'),
('SYSUID-SS053','andyserkisis@skysearch.com','andyserkis04','andyserkis','0803691234','Y','UUID-1111-1111111','2018-07-17 18:17:06','UUID-1111-1111111','2018-07-17 18:17:06'),
('SYSUID-SS054','livlove@skysearch.com','livliv','livtyler','0803691234','Y','UUID-1111-1111111','2018-07-17 18:17:06','UUID-1111-1111111','2018-07-17 18:17:06'),
('SYSUID-SS055','aragonviggo@skysearch.com','viggo123','viggo','0803691234','Y','UUID-1111-1111111','2018-07-17 18:17:06','UUID-1111-1111111','2018-07-17 18:17:06'),
('SYSUID-SS056','dominicmon@skysearch.com','dominicmon123','dominic','0803691234','Y','UUID-1111-1111111','2018-04-10 18:17:06','UUID-1111-1111111','2018-07-17 18:17:06'),
('SYSUID-SS057','vernardbernard@skysearch.com','bernard23','bernardhill','0803691234','Y','UUID-1111-1111111','2018-06-15 18:17:06','UUID-1111-1111111','2018-07-17 18:17:06'),
('SYSUID-SS058','mirandada@skysearch.com','miranda968','mirandaotto','0803691234','Y','UUID-1111-1111111','2018-04-20 18:17:06','UUID-1111-1111111','2018-07-17 18:17:06'),
('SYSUID-SS059','hugoweav@skysearch.com','hugobest1','hugoweaving','0803691234','Y','UUID-1111-1111111','2018-04-17 18:17:06','UUID-1111-1111111','2018-07-17 18:17:06'),
('SYSUID-SS060','harrypotter@skysearch.com','bloombloom','harrypotter','0803691234','Y','UUID-1111-1111111','2018-04-30 18:17:06','UUID-1111-1111111','2018-07-17 18:17:06'),
('SYSUID-SS061','emmawat@skysearch.com','emma123','emmawatson','0803691234','Y','UUID-1111-1111111','2018-07-17 18:17:06','UUID-1111-1111111','2018-07-17 18:17:06'),
('SYSUID-SS062','rupertronron@skysearch.com','ronron4','rupertgrint','0803691234','Y','UUID-1111-1111111','2018-05-05 18:17:06','UUID-1111-1111111','2018-07-17 18:17:06'),
('SYSUID-SS063','geniewizz@skysearch.com','geniewizz501','bonniewright','0803691234','Y','UUID-1111-1111111','2018-09-20 18:17:06','UUID-1111-1111111','2018-07-17 18:17:06'),
('SYSUID-SS064','iamvold@skysearch.com','ralph123','ralphfiennes','0803691234','Y','UUID-1111-1111111','2017-12-17 18:17:06','UUID-1111-1111111','2018-07-17 18:17:06'),
('SYSUID-SS065','tomfelton@skysearch.com','tomtom123','tomfelton','0803691234','Y','UUID-1111-1111111','2018-01-19 18:17:06','UUID-1111-1111111','2018-07-17 18:17:06'),
('SYSUID-SS066','helenacarter@skysearch.com','helena123','helenacarter','0803691234','Y','UUID-1111-1111111','2018-07-17 18:17:06','UUID-1111-1111111','2018-07-17 18:17:06');


insert into SS_AUTHORITY 
(AUTHORITY_NAME,NAME) 
VALUES('ROLE_SYSTEM','AUTHO00001'),
	  ('ROLE_ADMIN','AUTHO00002'),
	  ('ROLE_USER','AUTHO00003');

INSERT INTO ss_aut_mem_rel
VALUES
('SYSUID-SS001', 'ROLE_SYSTEM', 'UUID-1111-1111111', now(), 'UUID-1111-1111111', now()),
('SYSUID-SS002', 'ROLE_ADMIN', 'UUID-1111-1111111', now(), 'UUID-1111-1111111', now()),
('SYSUID-SS003', 'ROLE_USER', 'UUID-1111-1111111', now(), 'UUID-1111-1111111', now()),
('SYSUID-SS004', 'ROLE_USER', 'UUID-1111-1111111', now(), 'UUID-1111-1111111', now()),
('SYSUID-SS005', 'ROLE_USER', 'UUID-1111-1111111', now(), 'UUID-1111-1111111', now()),
('SYSUID-SS006', 'ROLE_USER', 'UUID-1111-1111111', now(), 'UUID-1111-1111111', now()),
('SYSUID-SS007', 'ROLE_USER', 'UUID-1111-1111111', now(), 'UUID-1111-1111111', now()),
('SYSUID-SS008', 'ROLE_USER', 'UUID-1111-1111111', now(), 'UUID-1111-1111111', now()),
('SYSUID-SS009', 'ROLE_USER', 'UUID-1111-1111111', now(), 'UUID-1111-1111111', now()),
('SYSUID-SS010', 'ROLE_USER', 'UUID-1111-1111111', now(), 'UUID-1111-1111111', now()),
('SYSUID-SS011', 'ROLE_USER', 'UUID-1111-1111111', now(), 'UUID-1111-1111111', now()),
('SYSUID-SS012', 'ROLE_USER', 'UUID-1111-1111111', now(), 'UUID-1111-1111111', now()),
('SYSUID-SS013', 'ROLE_USER', 'UUID-1111-1111111', now(), 'UUID-1111-1111111', now()),
('SYSUID-SS014', 'ROLE_USER', 'UUID-1111-1111111', now(), 'UUID-1111-1111111', now()),
('SYSUID-SS015', 'ROLE_USER', 'UUID-1111-1111111', now(), 'UUID-1111-1111111', now()),
('SYSUID-SS016', 'ROLE_USER', 'UUID-1111-1111111', now(), 'UUID-1111-1111111', now()),
('SYSUID-SS017', 'ROLE_USER', 'UUID-1111-1111111', now(), 'UUID-1111-1111111', now()),
('SYSUID-SS018', 'ROLE_USER', 'UUID-1111-1111111', now(), 'UUID-1111-1111111', now()),
('SYSUID-SS019', 'ROLE_USER', 'UUID-1111-1111111', now(), 'UUID-1111-1111111', now()),
('SYSUID-SS020', 'ROLE_USER', 'UUID-1111-1111111', now(), 'UUID-1111-1111111', now()),
('SYSUID-SS021', 'ROLE_USER', 'UUID-1111-1111111', now(), 'UUID-1111-1111111', now()),
('SYSUID-SS022', 'ROLE_USER', 'UUID-1111-1111111', now(), 'UUID-1111-1111111', now()),
('SYSUID-SS023', 'ROLE_USER', 'UUID-1111-1111111', now(), 'UUID-1111-1111111', now()),
('SYSUID-SS024', 'ROLE_USER', 'UUID-1111-1111111', now(), 'UUID-1111-1111111', now()),
('SYSUID-SS025', 'ROLE_USER', 'UUID-1111-1111111', now(), 'UUID-1111-1111111', now()),
('SYSUID-SS026', 'ROLE_USER', 'UUID-1111-1111111', now(), 'UUID-1111-1111111', now()),
('SYSUID-SS027', 'ROLE_USER', 'UUID-1111-1111111', now(), 'UUID-1111-1111111', now()),
('SYSUID-SS028', 'ROLE_USER', 'UUID-1111-1111111', now(), 'UUID-1111-1111111', now()),
('SYSUID-SS029', 'ROLE_USER', 'UUID-1111-1111111', now(), 'UUID-1111-1111111', now()),
('SYSUID-SS030', 'ROLE_USER', 'UUID-1111-1111111', now(), 'UUID-1111-1111111', now()),
('SYSUID-SS031', 'ROLE_USER', 'UUID-1111-1111111', now(), 'UUID-1111-1111111', now()),
('SYSUID-SS032', 'ROLE_USER', 'UUID-1111-1111111', now(), 'UUID-1111-1111111', now()),
('SYSUID-SS033', 'ROLE_USER', 'UUID-1111-1111111', now(), 'UUID-1111-1111111', now()),
('SYSUID-SS034', 'ROLE_USER', 'UUID-1111-1111111', now(), 'UUID-1111-1111111', now()),
('SYSUID-SS035', 'ROLE_USER', 'UUID-1111-1111111', now(), 'UUID-1111-1111111', now()),
('SYSUID-SS036', 'ROLE_USER', 'UUID-1111-1111111', now(), 'UUID-1111-1111111', now()),
('SYSUID-SS037', 'ROLE_USER', 'UUID-1111-1111111', now(), 'UUID-1111-1111111', now()),
('SYSUID-SS038', 'ROLE_USER', 'UUID-1111-1111111', now(), 'UUID-1111-1111111', now()),
('SYSUID-SS039', 'ROLE_USER', 'UUID-1111-1111111', now(), 'UUID-1111-1111111', now()),
('SYSUID-SS040', 'ROLE_USER', 'UUID-1111-1111111', now(), 'UUID-1111-1111111', now()),
('SYSUID-SS041', 'ROLE_USER', 'UUID-1111-1111111', now(), 'UUID-1111-1111111', now()),
('SYSUID-SS042', 'ROLE_USER', 'UUID-1111-1111111', now(), 'UUID-1111-1111111', now()),
('SYSUID-SS043', 'ROLE_USER', 'UUID-1111-1111111', now(), 'UUID-1111-1111111', now()),
('SYSUID-SS044', 'ROLE_USER', 'UUID-1111-1111111', now(), 'UUID-1111-1111111', now()),
('SYSUID-SS045', 'ROLE_USER', 'UUID-1111-1111111', now(), 'UUID-1111-1111111', now()),
('SYSUID-SS046', 'ROLE_USER', 'UUID-1111-1111111', now(), 'UUID-1111-1111111', now()),
('SYSUID-SS047', 'ROLE_USER', 'UUID-1111-1111111', now(), 'UUID-1111-1111111', now()),
('SYSUID-SS048', 'ROLE_USER', 'UUID-1111-1111111', now(), 'UUID-1111-1111111', now()),
('SYSUID-SS049', 'ROLE_USER', 'UUID-1111-1111111', now(), 'UUID-1111-1111111', now()),
('SYSUID-SS050', 'ROLE_USER', 'UUID-1111-1111111', now(), 'UUID-1111-1111111', now()),
('SYSUID-SS051', 'ROLE_USER', 'UUID-1111-1111111', now(), 'UUID-1111-1111111', now()),
('SYSUID-SS052', 'ROLE_USER', 'UUID-1111-1111111', now(), 'UUID-1111-1111111', now()),
('SYSUID-SS053', 'ROLE_USER', 'UUID-1111-1111111', now(), 'UUID-1111-1111111', now()),
('SYSUID-SS054', 'ROLE_USER', 'UUID-1111-1111111', now(), 'UUID-1111-1111111', now()),
('SYSUID-SS055', 'ROLE_USER', 'UUID-1111-1111111', now(), 'UUID-1111-1111111', now()),
('SYSUID-SS056', 'ROLE_USER', 'UUID-1111-1111111', now(), 'UUID-1111-1111111', now()),
('SYSUID-SS057', 'ROLE_USER', 'UUID-1111-1111111', now(), 'UUID-1111-1111111', now()),
('SYSUID-SS058', 'ROLE_USER', 'UUID-1111-1111111', now(), 'UUID-1111-1111111', now()),
('SYSUID-SS059', 'ROLE_USER', 'UUID-1111-1111111', now(), 'UUID-1111-1111111', now()),
('SYSUID-SS060', 'ROLE_USER', 'UUID-1111-1111111', now(), 'UUID-1111-1111111', now()),
('SYSUID-SS061', 'ROLE_USER', 'UUID-1111-1111111', now(), 'UUID-1111-1111111', now()),
('SYSUID-SS062', 'ROLE_USER', 'UUID-1111-1111111', now(), 'UUID-1111-1111111', now()),
('SYSUID-SS063', 'ROLE_USER', 'UUID-1111-1111111', now(), 'UUID-1111-1111111', now()),
('SYSUID-SS064', 'ROLE_USER', 'UUID-1111-1111111', now(), 'UUID-1111-1111111', now()),
('SYSUID-SS065', 'ROLE_USER', 'UUID-1111-1111111', now(), 'UUID-1111-1111111', now()),
('SYSUID-SS066', 'ROLE_USER', 'UUID-1111-1111111', now(), 'UUID-1111-1111111', now());

INSERT INTO ss_local 
VALUES 
('LO0001', '아시아'),
('LO0002', '동남아시아'),
('LO0003', '유럽'),
('LO0004', '북아메리카'),
('LO0005', '남아메리카'),
('LO0006', '오세아니아'),
('LO0007', '아프리카'),
('dummy_loc',' ');

INSERT INTO ss_country 
VALUES 
('CO0001', 'LO0001', '일본'),
('CO0002', 'LO0001', '중국'),
('CO0003', 'LO0001', '대만'),
('CO0004', 'LO0002', '태국'),
('CO0005', 'LO0002', '필리핀'),
('CO0006', 'LO0002', '베트남'),
('CO0007', 'LO0003', '독일'),
('CO0008', 'LO0003', '프랑스'),
('CO0009', 'LO0003', '영국'),
('CO0010', 'LO0004', '멕시코'),
('CO0011', 'LO0004', '미국'),
('CO0012', 'LO0004', '캐나다'),
('CO0013', 'LO0005', '브라질'),
('CO0014', 'LO0006', '뉴질랜드'),
('CO0015', 'LO0007', '이집트');


INSERT INTO ss_city 
VALUES 
('CI0001', 'CO0001','도쿄','일본 도쿄도','35.717611','139.726278',0,'Tokyo'),
('CI0002', 'CO0001','오사카','일본 오사카부','34.687429','135.497209',0,'Osaka'),
('CI0003', 'CO0001','후쿠오카','일본 후쿠오카현','33.581299','130.398751',0,'Fukuoka'),
('CI0004', 'CO0002','베이징','중국 베이징시','39.955390','116.346617',0,'Beijing'),
('CI0005', 'CO0002','광저우','중국 광둥성','23.077349','113.227807',0,'Guangzhou'),
('CI0006', 'CO0002','청도','중국 산둥성','36.347295','120.245329',0,'Qingdao'),
('CI0007', 'CO0003','타이베이','대만 타이베이','25.030226','121.502936',0,'Taipei'),
('CI0008', 'CO0003','가오슝','대만 가오슝','22.822078','120.261298',0,'Kaohsiung'),
('CI0009', 'CO0003','타오위엔','대만 타오위엔','25.005233','121.296693',0,'Taoyuan'),
('CI0010', 'CO0004','방콕','태국 방콕','13.751121','100.461410',0,'Bangkok'),
('CI0011', 'CO0004','푸켓','태국 푸켓','7.940429','98.331049',0,'Phuket'),
('CI0012', 'CO0004','치앙마이','태국 치앙마이','18.714193','98.957848',0,'Chiang Mai'),
('CI0013', 'CO0005','마닐라','필리핀 마닐라 대도시','14.607625','120.989687',0,'Manila'),
('CI0014', 'CO0005','세부','필리핀 세부','10.342620','123.858309',0,'Cebu City'),
('CI0015', 'CO0005','클라크필드','필리핀 드라바오 델 술','7.167445','125.411206',0,'Clarkfield'),
('CI0016', 'CO0006','호치민시','베트남 호치민','10.761412','106.649869',0,'Ho Chi Minh City'),
('CI0017', 'CO0006','하노이','베트남 호안끼엠','21.016967','105.840740',0,'Hanoi'),
('CI0018', 'CO0006','다낭','베트남 다낭','16.048651','108.203101',0,'DaNang'),
('CI0019', 'CO0007','프랑크푸르트','독일 프랑크푸르트','50.145335','8.630378',0,'Frankfurt'),
('CI0020', 'CO0007','뮌헨','독일 뮌헨','48.139707','11.538396',0,'München'),
('CI0021', 'CO0007','뒤셀도르프','독일 뒤셀도르프','51.218591','6.804731',0,'Dusseldorf'),
('CI0022', 'CO0008','파리','프랑스 파리','48.851609','2.359075',0,'Paris'),
('CI0023', 'CO0008','니스','프랑스 니스','43.667418','7.209900',0,'Nice'),
('CI0024', 'CO0008','리옹','프랑스 리옹','45.761527','4.847479',0,'Lyon'),
('CI0025', 'CO0009','런던','영국 런던','51.508903','-0.113964',0,'London'),
('CI0026', 'CO0009','맨체스터','영국 맨체스터','53.479581','-2.243720',0,'Manchester'),
('CI0027', 'CO0009','에딘버러','영국 에딘버러','55.954838','-3.194697',0,'Edinburgh'),
('CI0028', 'CO0010','칸쿤','멕시코 킨타나로오','21.160395','-86.861595',0,'Cancun'),
('CI0029', 'CO0010','멕시코시티','멕시코 연방 정부','19.436660','-99.166281',0,'Ciudad de México'),
('CI0030', 'CO0010','메리다','멕시코 유카탄','20.971396','-89.618158',0,'Mérida'),
('CI0031', 'CO0011','뉴욕','미국 뉴욕','40.760630','-73.986577',0,'Newyork'),
('CI0032', 'CO0011','센프란시스코','미국 캘리포니아','37.785360','-122.413569',0,'San Francisco'),
('CI0033', 'CO0011','로스앤젤레스','미국 캘리포니아','33.945003','-118.378807',0,'Los Angeles'),
('CI0034', 'CO0012','밴쿠버','캐나다 브리티시컬럼비아','49.281908','-123.119099',0,'Vancouver'),
('CI0035', 'CO0012','토론토','캐나다 온트리오','43.755808','-79.357957',0,'Toronto'),
('CI0036', 'CO0012','몬트리올','캐나다 퀘백','45.514188','-73.566888',0,'Montréal'),
('CI0037', 'CO0013','상파울루','브라질 상파울루주','-23.576474','-46.688720',0,'São Paulo'),
('CI0038', 'CO0013','쿠리치바','브라질 피라나','-25.445782','-49.257078',0,'Curitiba'),
('CI0039', 'CO0013','브라질리아','브라질 연방 정부','-15.796227','-47.841074',0,'Brasília'),
('CI0040', 'CO0014','오클랜드','뉴질랜드 오클랜드','-36.878073','174.756947',0,'Auckland'),
('CI0041', 'CO0014','웰링턴','뉴질랜드 웰링턴','-41.288671','174.770774',0,'Wellington'),
('CI0042', 'CO0014','더니든','뉴질랜드 더니든','-45.878344','170.533978',0,'Dunedin'),
('CI0043', 'CO0015','카이로','이집트 알 카히라','30.044922','31.237521',0,'Cairo'),
('CI0044', 'CO0015','알렉산드리아','이집트 알 이스칸다리야','31.191147','29.919172',0,'Alexandria'),
('CI0045', 'CO0015','아스완','이집트 아스완주','24.088494','32.902338',0,'Aswan');


/*
-- Query: SELECT * FROM skysearch.ss_travel_info
LIMIT 0, 1000

-- Date: 2018-07-24 17:29
*/
 INSERT INTO `ss_travel_info` (`TRAVEL_SEQ`,`CITY_SEQ`,`LANDMARK_NAME`,`LANDMARK_EXP`,`LANDMARK_ADDR`,`REGISTER_SEQ`,`REGISTRY_DATE`,`MODIFIER_SEQ`,`MODIFY_DATE`) VALUES('01efba7586e0486993908a3cc3eb50e3','CI0020','마리엔 광장 Marienplatz','뮌헨 시내 중심에 자리하고 있는 광장으로 차량의 진입이 통제되고 있어 항상 현지인과 관광객으로 붐비는 곳이다. ','Marienplatz 1, 80331 Munich, Germany','UUID-1111-1111111','2018-07-24 15:08:42','UUID-1111-1111111','2018-07-24 15:08:42'),
 ('020fda3a4a774d5bbdd9cc2e9e315063','CI0040','Auckland Zoo','	명소 > 동물원','99 Motions Rd, 오클랜드 1022, 뉴질랜드','UUID-1111-1111111','2018-07-24 14:04:14','UUID-1111-1111111','2018-07-24 14:34:30'),
 ('05d66999a91f4474a9dbdb5da437cdef','CI0019','마인츠 대성당','마인츠 성당 , 성스러움','Markt 10, 55116 Mainz, 독일','UUID-1111-1111111','2018-07-24 14:14:29','UUID-1111-1111111','2018-07-24 14:14:29'),
 ('0a11f80f743d4f3489888a48372fc96d','CI0036','Vieux-Port de Montréal Old Port of Montreal','유적/역사적인 장소, 해변/항구','Vieux-Port de Montréal, 몬트리올 QC, 캐나다','UUID-1111-1111111','2018-07-24 15:06:20','UUID-1111-1111111','2018-07-24 15:06:20'),
 ('0c397798c77f4225a01d531e47e6e19b','CI0026','The Wheel Of Manchester',' 전망대/타워, 테마파크','Piccadilly Gardens, Manchester, M60 1HX, 영국','UUID-1111-1111111','2018-07-24 14:51:55','UUID-1111-1111111','2018-07-24 14:51:55'),
 ('0e914dc6008946daa34fea212502a970','CI0021','Hofgarten','공원 및 정원','Hofgartenstraße 1, 80538 München, 독일','UUID-1111-1111111','2018-07-24 14:15:00','UUID-1111-1111111','2018-07-24 14:57:57'),
 ('10e027ef021e41a79186c864847ff4c5','CI0036','Parc du Mont-Royal','공원/정원, 산/숲, 전망대/타워','1260 Chemin Remembrance, 몬트리올 QC H3H 1A2, 캐나다','UUID-1111-1111111','2018-07-24 15:04:52','UUID-1111-1111111','2018-07-24 15:04:52'),
 ('17ef8e17bda042d99e77193b3b095c15','CI0010','왕궁 Grand Palace','태국의 역대 국왕들의 대관식이 진했되었던 곳으로 왕궁 내부는 금, 보석 등으로 화려하고 웅장하게 꾸며져있다. ','Sanam Chai Road, Phra Borom Maha Ratchawang, Phra Nakhon, Bangkok 10200, Thailand','UUID-1111-1111111','2018-07-24 15:12:49','UUID-1111-1111111','2018-07-24 15:12:49'),
 ('19b7060c5413495d89fe7a68a0ff77ee','CI0001','디즈니랜드','일본 도쿄 근교의 지바현 우라야스 시에 위치한 46만 5천 제곱미터 규모의 테마 파크','일본 〒279-0031 지바 현 우라야스 시 마이하마','UUID-1111-1111111','2018-07-24 14:12:53','UUID-1111-1111111','2018-07-24 15:05:33'),
 ('1d319a89d4ac4510ba59ac4ff9813aa9','CI0005','Chimelong Paradise','서커스, 놀이공원, 대왕판다, 워터파크, 롤러코스터, 사파리 공원 및 사파리','Han Xi Da Dao, Panyu Qu, Guangzhou Shi, Guangdong Sheng, 중국 511495','UUID-1111-1111111','2018-07-24 13:59:56','UUID-1111-1111111','2018-07-24 14:35:25'),
 ('1ee419cd774846719d56b1ececcb0abc','CI0031','센트럴 파크','센트럴 파크는 미국 뉴욕 주 뉴욕 맨해튼에 있는 도시 중심부의 공원','미국 뉴욕','UUID-1111-1111111','2018-07-24 14:02:40','UUID-1111-1111111','2018-07-24 14:39:41'),
 ('1f08624529d64ef1b8a4a0312d589086','CI0024','푸르비에르 언덕 Fourviere Hill','리옹 역사지구의 중심에 있는 언덕으로 로마시대부터 만들어진 건물들이 들어서 있다. 언덕 꼭대기에는 푸르비에르 노틀담 성당이 있으며, 전망대에서 내려다 보면 리옹의 론(Rhone)강과 손(saone)강, 파르디외(Part Dieu) 지구 등 시가지를 한눈에 둘러볼 수 있다.','1-2 Fourvière Square, 69005 Lyon, France','UUID-1111-1111111','2018-07-24 14:45:48','UUID-1111-1111111','2018-07-24 14:45:48'),
 ('2a8bb536a5f24689ace9a7509d02d8a2','CI0002','오사카성','오사카 성 은 셋쓰 국 히가시나리 군 오사카에 있었던 아즈치모모야마 시대부터 에도 시대의 성이다. ','1-1 Osakajo, Chuo, Osaka, Osaka Prefecture 540-0002 일본','UUID-1111-1111111','2018-07-24 14:01:27','UUID-1111-1111111','2018-07-24 14:34:08'),
 ('2e16ee55321a4447a3459db30d019760','CI0030','메리다 중앙 광장 Zocalo','광장','Palace of Government 주변','UUID-1111-1111111','2018-07-24 14:58:55','UUID-1111-1111111','2018-07-24 14:58:55'),
 ('2e9382fb374d4fef81a890c238491081','CI0041','Old Bank Arcade','쇼핑 > 쇼핑몰/백화점, 건축물','Lambton Quay (at Customhouse Quay), 웰링턴, 뉴질랜드','UUID-1111-1111111','2018-07-24 14:07:05','UUID-1111-1111111','2018-07-24 14:35:10'),
 ('2f9e4361a21a40fcba3712044a399dee','CI0022','샹젤리제 거리','파리에 있는 아름다운 거리','Av. des Champs-Élysées 75008 PariS','UUID-1111-1111111','2018-07-24 14:18:09','UUID-1111-1111111','2018-07-24 14:18:09'),
 ('30de762bc9494292b1a890b5c05cb533','CI0033','스타의 거리(워크 오브 페임) The Walk of Fame','유명 할리우드 스타의 핸드 프린팅과 풋 프린팅이 전시된 곳으로 배우, 가수, 영화감독 외에 스텝들의 이름까지 새겨져있다.','7018 Hollywood Blvd, Los Angeles, CA 90028 United States of America','UUID-1111-1111111','2018-07-24 14:39:54','UUID-1111-1111111','2018-07-24 14:39:54'),
 ('36f03dc071f94ec29da2d1fb1bf80ff1','CI0044','콰이트베이 요새','성, 등대 및 역사','Qesm Al Gomrok, As Sayalah Sharq','UUID-1111-1111111','2018-07-24 14:32:57','UUID-1111-1111111','2018-07-24 14:32:57'),
 ('385ba4ff568146a9baef642df3690a4c','CI0005','중산기념당','중산기념당은 중화인민공화국 광저우 시에 있는 건축물','중국 510000','UUID-1111-1111111','2018-07-24 14:01:15','UUID-1111-1111111','2018-07-24 14:34:13'),
 ('38d7a7496b4d4b53863c393e4960d697','CI0029','Castillo de Chapultepec',' 유적,역사적인 장소','Bosque de Chapultepec, 멕시코 시, Federal District, 멕시코','UUID-1111-1111111','2018-07-24 15:03:01','UUID-1111-1111111','2018-07-24 15:03:01'),
 ('39094f377e4d41fbac0b734efe5fbfdd','CI0044','폼페이스 필러','역사 및 기념건축물','Al Karah WA at Toubageyah WA Kafr Al Ghates, Qesm Karmouz, Alexandria Governorate','UUID-1111-1111111','2018-07-24 14:33:39','UUID-1111-1111111','2018-07-24 14:33:39'),
 ('394723467160460eb26d361d8ed7c2e9','CI0026','Centre For Chinese Contemporary Art (CFCCA)','미술관/갤러리','Thomas Street, 맨체스터, 맨체스터, M4 1EU, 영국','UUID-1111-1111111','2018-07-24 14:52:48','UUID-1111-1111111','2018-07-24 14:52:48'),
 ('3d221a952dc44c28ae6bec56c06b5f7e','CI0016','전쟁박물관','호치민 전쟁박물관 , 역사를 느낄 수 있다.','28 Võ Văn Tần, Phường 6, Quận 3, Hồ Chí Minh 700000 베트남','UUID-1111-1111111','2018-07-24 14:09:52','UUID-1111-1111111','2018-07-24 14:09:52'),
 ('44f423bb1a474bc7a704c5213d740417','CI0025','런던아이',' 영국 런던 템즈 강변에 위치한 대형 대관람차','영국 SE1 7PB 런던','UUID-1111-1111111','2018-07-24 14:16:05','UUID-1111-1111111','2018-07-24 15:03:07'),
 ('463e6d5da6554380ac27e55d37bfa11b','CI0028','Cancún Underwater Museum','수중 박물관','Cerrada Las Golondrinas 24, Alfredo Bonfil, 77560 Cancún, Q.R., 멕시코','UUID-1111-1111111','2018-07-24 14:43:20','UUID-1111-1111111','2018-07-24 14:43:20'),
 ('46f6b41b03f9412eb8cc23bddc4f46bf','CI0035','CN 타워','캐나다의 최고층 건물','301 Front St W, Toronto, ON M5V 2T6 캐나다','UUID-1111-1111111','2018-07-24 13:14:20','UUID-1111-1111111','2018-07-24 14:21:31'),
 ('4ba837342d2c4c67aa84db9aced558ee','CI0025','런던탑','잉글랜드 센트럴 런던의 유서 깊은 건축물이자 노르만 군사건축의 전형적인 형태를 보여주는 왕궁','St Katharines & Wapping, 런던 EC3N 4AB 영국','UUID-1111-1111111','2018-07-24 14:16:50','UUID-1111-1111111','2018-07-24 15:03:47'),
 ('4c61817ee20e40f1a42b6c2df8c313a1','CI0013','인트라무로스 Intramuros','인트라무로스 지역은 마닐라의 다른 지역에 비해 여전히 스페인 점령 시대의 모습을 간직하고 있다.','Soriano Avenue, Manila, Philippines','UUID-1111-1111111','2018-07-24 14:47:10','UUID-1111-1111111','2018-07-24 14:47:10'),
 ('4ef246fc452246618cd2170183474aac','CI0007','타이페이101타워','타이페이에 있는 최고층 타워','No. 7, Section 5, Xinyi Road, Xinyi District Taipei City, 대만 110','UUID-1111-1111111','2018-07-24 14:22:24','UUID-1111-1111111','2018-07-24 14:22:24'),
 ('5314e30d76ff412a9273f8b50b29bfa0','CI0029','Bulldog Café',' 클럽, 펍/선술집','Rubens 6 (Esq. con Av. Revolución), 03730 Benito Juárez, Federal District, 멕시코','UUID-1111-1111111','2018-07-24 15:00:59','UUID-1111-1111111','2018-07-24 15:00:59'),
 ('53d2b29eb46a4c13aeb2b4f5002a6f3a','CI0035','로이 톰슨 홀','로이 톰슨 홀 , ','60 Simcoe St, Toronto, ON M5J 2H5 캐나다','UUID-1111-1111111','2018-07-24 14:20:59','UUID-1111-1111111','2018-07-24 14:20:59'),
 ('53f2d160ba594e01ae03f19c85a7fe5d','CI0017','오페라 하우스','오페라 쇼를 보는 곳','01 Tràng Tiền, Phan Chu Trinh, Hoàn Kiếm, Hà Nội 100000 베트남','UUID-1111-1111111','2018-07-24 14:12:29','UUID-1111-1111111','2018-07-24 14:12:29'),
 ('553457a44b7f4b0489493e051bac7c10','CI0012','왓 프라씽 Wat Phra Singh','태국 북부 지방을 대표하는 사원으로 전형적인 란나 양식을 띄고 있다.','Samlan Road Soi 1, Si Phum, Mueang Chiang Mai District, Chiang Mai 50200, Thailand','UUID-1111-1111111','2018-07-24 14:15:53','UUID-1111-1111111','2018-07-24 14:36:39'),
 ('557dffab62c1438a97bce25d867b71f6','CI0037','상파울루 성당','대성당, 고딕 리바이벌 건축, 교회당, 역사, 고딕 미술 및 건축','Praça da Sé - Sé, São Paulo - SP, 01001-000','UUID-1111-1111111','2018-07-24 14:23:34','UUID-1111-1111111','2018-07-24 14:23:43'),
 ('5b2f7e36933a436db3de729bf88c05b0','CI0013','베이 워크 Bay Walk','야경을 볼 수 있는 해변 거리','Baywalk, Manila, Philippines','UUID-1111-1111111','2018-07-24 14:48:31','UUID-1111-1111111','2018-07-24 14:48:31'),
 ('5bf4c575f9944007ad1260e2fa6fd11c','CI0001','센소지','일본 도쿄도 다이토 구 아사쿠사에 있는 절','2 Chome-3-1 Asakusa, Taitō, Tokyo 111-0032 일본','UUID-1111-1111111','2018-07-24 14:12:06','UUID-1111-1111111','2018-07-24 15:05:48'),
 ('60357628633741ab8bc2ef45897cfdc5','CI0035','로이 톰슨 홀','건축물 , cool',' 60 Simcoe St, Toronto, ON M5J 2H5 캐나다','UUID-1111-1111111','2018-07-24 13:16:23','UUID-1111-1111111','2018-07-24 13:16:23'),
 ('622d62e71e924e7dbe00b7f026b20c5d','CI0007','예류지질공원','타이페이 북쪽에 있는 지질 공원 신기한 바위들을 볼 수 있다.','신베이 시 대만','UUID-1111-1111111','2018-07-24 14:23:24','UUID-1111-1111111','2018-07-24 14:23:24'),
 ('647bdee9282e4c6db1cef7409e24eb27','CI0011','제임스본드섬','푸켓에서 볼 수 있는 재미난 섬','태국 82130','UUID-1111-1111111','2018-07-24 14:16:02','UUID-1111-1111111','2018-07-24 14:16:02'),
 ('695fa33f63e345a9bf482ff8f52c9e9a','CI0042','오타고 페닌슐라','펭귄목, 신천옹과, 야생동물, 항만, 물범과, 바다사자아과 및 생태관광','9077 뉴질랜드','UUID-1111-1111111','2018-07-24 14:10:23','UUID-1111-1111111','2018-07-24 14:50:55'),
 ('6a02f40b9cfd4923930f1cb58a8f12ad','CI0040','윈야드 쿼터 wynyard quarter','	명소 > 광장','Jellicoe St, 오클랜드 1010, 뉴질랜드','UUID-1111-1111111','2018-07-24 14:03:41','UUID-1111-1111111','2018-07-24 14:34:49'),
 ('6c75ef0171464275bd267441f4911830','CI0045','미완성 오벨리스크','고대 이집트 및 사원','Qism Aswan, Sheyakhah Oula','UUID-1111-1111111','2018-07-24 14:29:19','UUID-1111-1111111','2018-07-24 14:29:19'),
 ('6c7f1f34309a475395874ea47958e520','CI0043','이집트 박물관','고대 이집트 역사의 중요한 수많은 물품들이 포함되어 있다.','15 Meret Basha, Ismailia, Qasr an Nile, Cairo Governorate, 이집트','UUID-1111-1111111','2018-07-24 14:23:39','UUID-1111-1111111','2018-07-24 14:37:05'),
 ('6ed983c6866f4c748a8cf53a582a062b','CI0039','마네 가린샤 경기장','경기장, 스타디움','SRPN - Asa Norte, Brasília - DF, 70070-701','UUID-1111-1111111','2018-07-24 14:15:44','UUID-1111-1111111','2018-07-24 14:15:44'),
 ('6f88ce62008e4f188fa423512f616da9','CI0018','참조각 박물관','세계 최대의 참족 조각 수집품을 보유하고 있는 인기 관광지','phường Bình Hiên, quận Hải Châu, Bình Hiên, Da Nang, Da Nang City 55000 베트남','UUID-1111-1111111','2018-07-24 14:08:31','UUID-1111-1111111','2018-07-24 14:46:41'),
 ('7f81f68ceaa64110851ea7cd0043cb8d','CI0003','모모치 해변공원','후쿠오카에 있는 젊은 사람들이 많은 해변','〒814-0001 福岡県福岡市早良区百道浜2丁目、4丁目地先','UUID-1111-1111111','2018-07-24 13:17:28','UUID-1111-1111111','2018-07-24 14:02:18'),
 ('814dba46747e44098c87f02bfce8efa3','CI0027','에든버러 성','성, 역사 및 고궁','Castlehill, Edinburgh EH1 2NG','UUID-1111-1111111','2018-07-24 14:34:59','UUID-1111-1111111','2018-07-24 14:34:59'),
 ('887ca327dddc4602bddfc0defad9454e','CI0010','카오산로드 Khaosan Rd','동남아시아 배낭여행자들의 시작점이다. 규모가 크지는 않지만 여행하면서 꼭 필요한 숙소와 식사를 저렴한 가격에 해결할 수 있다. ','Khao San Road, Talat Yot, Phra Nakhon, Bangkok 10200, Thailand','UUID-1111-1111111','2018-07-24 15:12:10','UUID-1111-1111111','2018-07-24 15:12:10'),
 ('8b26a2d91bc84e6ab3cf3fb66098d097','CI0018','미선 유적','미선 유적은 베트남 중부 꽝남 성에 있는 고대 참파의 힌두교 사원 유적지','Duy Xuyên Quảng Nam 베트남','UUID-1111-1111111','2018-07-24 14:07:35','UUID-1111-1111111','2018-07-24 14:47:22'),
 ('8e668549cbd44681b2fb1e9b03dff4ea','CI0030','메리다 성당','성당안에는 실내에 있는 예수상 중 남미에서 가장 크다는 예수상이 있음','시청 맞은 편','UUID-1111-1111111','2018-07-24 14:59:45','UUID-1111-1111111','2018-07-24 14:59:45'),
 ('8edacb32a2fe44c59bcedd80bae0892a','CI0029','Kiosco Morisco','광장, 유적/역사적인 장소','Manuel Carpio (Dr. Atl), 06400 멕시코 시, Federal District, 멕시코','UUID-1111-1111111','2018-07-24 15:03:55','UUID-1111-1111111','2018-07-24 15:03:55'),
 ('8f44a2bc8c2247569e9c2d1eac49fcd8','CI0021','Schloss Benrath','고궁, 성, 샤토, 로코코, 박물관 및 역사','Benrather Schloßallee 100-108, 40597 Düsseldorf, 독일','UUID-1111-1111111','2018-07-24 14:14:22','UUID-1111-1111111','2018-07-24 14:59:05'),
 ('8f4f7afacd8543d3a357ee64519de979','CI0012','왓 쩨디 루앙 Wat Chedi Luang','치앙마이 구시가지에 자리한 사원으로 60m 높이의 쩨디로 유명하다.','Prapokkloa Road, Si Phum, Mueang Chiang Mai District, Chiang Mai 50200, Thailand','UUID-1111-1111111','2018-07-24 14:15:03','UUID-1111-1111111','2018-07-24 14:36:31'),
 ('91fbd53eb5ba4489b378ca20eaee1b35','CI0041','Museum Of New Zealand Te Papa Tongarewa','명소 > 미술관/갤러리, 박물관','55 Cable St., 웰링턴 6011, 뉴질랜드','UUID-1111-1111111','2018-07-24 14:06:07','UUID-1111-1111111','2018-07-24 14:35:01'),
 ('94a14ec24fdb4655a7895961d6d271fb','CI0024','벨쿠르 광장 Place Bellecour','신고전주의 조각가 프랑수아 레모가 만든 루이 14세의 기마상이 있으며, 리옹 시민들이 약속장소로 자주 이용하는 곳이다. ','8 Bellecour Square, 69002 Lyon, France','UUID-1111-1111111','2018-07-24 14:45:06','UUID-1111-1111111','2018-07-24 14:45:06'),
 ('968c5a76cdb349b5ab31da7a3f89fc3e','CI0020','프라우엔 교회 Church of Our Lady','독일 남부에서 가장 큰 규모의 고딕 양식의 건축물 중 하나로 푸른색의 돔이 올려진 높이 100m의 성당이다.','Frauenplatz 1, 80331 Munich, Germany','UUID-1111-1111111','2018-07-24 15:10:46','UUID-1111-1111111','2018-07-24 15:10:46'),
 ('97cce749150941a89644b32d41641fa5','CI0002','도톤보리 Dotonbori','오사카 남쪽에 흐르는 도톤보리강 주변에 형성된 유흥가로 오사카를 상징하는 대표적인 장소이다.','일본 〒542-0071 Ōsaka-fu, Ōsaka-shi, Chūō-ku, Dōtonbori, 1 Chome−10, 中央区道頓堀','UUID-1111-1111111','2018-07-24 14:00:26','UUID-1111-1111111','2018-07-24 14:33:35'),
 ('9803c5fcfd094169b749c400181d049f','CI0039','JK 브릿지','건축물, 다리, 산책','Brasília - DF, 70297-400','UUID-1111-1111111','2018-07-24 14:18:21','UUID-1111-1111111','2018-07-24 14:18:21'),
 ('99a5b6f28b97459eb8e6bde421bdd8bd','CI0009','짜오 울라이폭포','타오위안에서 갈 수 있는 폭포','푸싱 구 타오위엔 대만 336','UUID-1111-1111111','2018-07-24 14:25:22','UUID-1111-1111111','2018-07-24 14:25:22'),
 ('99ac340cd02547bd99ac213befbad6ea','CI0006','五四广场 May Fourth Square','명소 > 공원/정원, 광장, 랜드마크','Donghai W. Rd., 칭다오 시, Shandong Sheng, 266071, 중국','UUID-1111-1111111','2018-07-24 14:07:52','UUID-1111-1111111','2018-07-24 14:35:35'),
 ('9d22208fe99649a1a9b097a86d8cf52f','CI0010','아시아티크 Asiatique','방콕 야시장 중에서 가장 깔끔하고 핫한 곳으로 밤이면 푸른 조명으로 빛나는 거대한 관람차가 멀리서도 눈에 띈다. 야시장치고 저렴한 가격은 아니지만 다른 시장에 비해 품질이 좋은 편이다. ','2194 เจริญกรุง Wat Phraya Krai, Bang Kho Laem, Bangkok 10120, Thailand','UUID-1111-1111111','2018-07-24 15:13:27','UUID-1111-1111111','2018-07-24 15:13:27'),
 ('9d8fa254625049ebb16e60e1bf124746','CI0042','터널 비치','해변 및 절벽의 풍경','오타고 9076 뉴질랜드','UUID-1111-1111111','2018-07-24 14:10:57','UUID-1111-1111111','2018-07-24 14:51:44'),
 ('9d91a86f05ac4d7cb7e5005177366d13','CI0006','青岛啤酒博物馆 Qingdao Beer Museum','명소 > 박물관, 양조장, 전시/공연/관람','登州路56号, 칭다오 시, Shandong Sheng, 중국','UUID-1111-1111111','2018-07-24 14:08:22','UUID-1111-1111111','2018-07-24 14:35:55'),
 ('9f01a83cf8ca406c8dd99eb0b6ca33bd','CI0038','Panoramic Tower','브라질 쿠리치바 타워','Rua Professor Lycio Grein Castro Vellozo, 191 - Mercês, Curitiba - PR, 80710-650 브라질','UUID-1111-1111111','2018-07-24 14:47:31','UUID-1111-1111111','2018-07-24 14:47:31'),
 ('a46453605263470c89993b0abc0b3343','CI0033','유니버셜 스튜디오 헐리우드 Universal Studio Hollywood','미국 영화 산업의 메카인 로스앤젤레스의 랜드마크인 유니버셜 스튜디오. 우주전쟁과 사이코 등 실물 영화세트를 돌아보는 스튜디오 투어는 절대로 빼놓을 수 없는 로스앤젤레스의 볼거리로 가족단위의 여행자들이 즐길 수 있는 테마파크이다.','100 Universal City Plaza, Universal City, CA 91608 United States of America','UUID-1111-1111111','2018-07-24 14:40:41','UUID-1111-1111111','2018-07-24 14:40:41'),
 ('a8407be90b3140e5b0effcb1ac95597f','CI0030','세노테 Cenote','동굴, 스노클링','유카탄 반도','UUID-1111-1111111','2018-07-24 14:56:00','UUID-1111-1111111','2018-07-24 14:56:00'),
 ('a9f372dc1c794626b10e7f1b6082c0fb','CI0027','칼턴 힐','기념건축물, 관측소 및 산','Calton Hill, Edinburgh, England','UUID-1111-1111111','2018-07-24 14:39:08','UUID-1111-1111111','2018-07-24 14:39:08'),
 ('afa3639f9c7d4fa7b00f4b032543c94f','CI0037','이비라푸에라 공원','공원, 오스카르 니에마이에르, 천체투영관 및 오디토리엄','Brasília - DF, 70297-400','UUID-1111-1111111','2018-07-24 14:21:12','UUID-1111-1111111','2018-07-24 14:21:12'),
 ('afec0c2f8f86420eb52ed775fe3a9c95','CI0023','마티스 미술관','박물관, 앙리 마티스, 마르크 샤갈, 미술관 및 회화','164 Avenue des Arènes de Cimiez, 06000 Nice, 프랑스','UUID-1111-1111111','2018-07-24 14:06:11','UUID-1111-1111111','2018-07-24 14:43:30'),
 ('b098db3bc9f243d6a14e4dbaee898367','CI0020','신시청사 New Town Hall','시청 건물의 앞에는 마리엔 광장(Marienplatz)가 있으며 건물의 가운데에 있는 시계탑 위에 오르면 광장과 구시청사를 포함한 뮌헨 시내를 조망할 수 있다.','Marienplatz 8, 80331 Munich, Germany','UUID-1111-1111111','2018-07-24 15:07:45','UUID-1111-1111111','2018-07-24 15:07:45'),
 ('b5fb361164cb4a9babae0e6fdec769be','CI0043','카이로 성채','카이로 성채 혹은 살라딘 성채는 이집트 카이로에 있는 중세시대 이슬람식 성채이다. ','Al Abageyah, Qesm Al Khalifah، 알 카히라 이집트','UUID-1111-1111111','2018-07-24 14:24:12','UUID-1111-1111111','2018-07-24 14:37:14'),
 ('b75adf8c703c4c6d8c1952a40bd7ae31','CI0023','프롬나드데장글레',' 프랑스 니스에 있는 지중해를 따라 조성된 유명 산책로','Prom. des Anglais, 06200 Nice, 프랑스','UUID-1111-1111111','2018-07-24 14:05:33','UUID-1111-1111111','2018-07-24 14:44:26'),
 ('b792035162934ad1bbc29312ebf1be93','CI0034','그랜빌 섬','자연경관, 섬, 소규모 시장','510-2695 Granville St, Vancouver, BC V6H 3H4​','UUID-1111-1111111','2018-07-24 14:09:55','UUID-1111-1111111','2018-07-24 14:09:55'),
 ('be06e9bab3c14303817c5079333b9267','CI0017','호찌민 묘소','호찌민 묘소 , 유적, 박물관',' 2A Phố Ông Ích Khiêm, Đội Cấn, Ba Đình, Hà Nội, 베트남','UUID-1111-1111111','2018-07-24 13:19:19','UUID-1111-1111111','2018-07-24 14:10:39'),
 ('c029f41cc24d4b5f93ecd4cba3f2ef79','CI0032','앨커트래즈 섬','등대, 포도주 테이스팅 및 포도주','미국 94133 캘리포니아 샌프란시스코','UUID-1111-1111111','2018-07-24 14:25:42','UUID-1111-1111111','2018-07-24 14:25:42'),
 ('c070ee2e69bf4d139a6ec924b06848cf','CI0014','마젤란의 십자가','기념건축물, 채플 및 역사','세부 필리핀','UUID-1111-1111111','2018-07-24 14:26:59','UUID-1111-1111111','2018-07-24 14:28:40'),
 ('c08ac3aa34ee4537b130c30741576cdf','CI0024','부숑 리옹 (리옹 구시가지) Vieux Lyon','유네스코세계문화 유산으로 지정된 부숑 리옹은 중세와 르네상스 시대의 건물이 아직까지 존재하는 곳으로 중세와 현재가 어우러져 있는 곳이다. ','Lyon, France','UUID-1111-1111111','2018-07-24 14:44:18','UUID-1111-1111111','2018-07-24 14:44:18'),
 ('c3d4e3fdc5094477969eed19caf0c288','CI0038','Botanical Garden of Curitiba','브라질 쿠리치바의 식물원','R. Engo. Ostoja Roguski - Jardim Botânico, Curitiba - PR, 80210-390 브라질','UUID-1111-1111111','2018-07-24 14:46:51','UUID-1111-1111111','2018-07-24 14:46:51'),
 ('c57c897940324523bdf6d2c5d114b83e','CI0008','Love River','강, 습지, 연애 및 호수','대만 가오슝','UUID-1111-1111111','2018-07-24 13:57:32','UUID-1111-1111111','2018-07-24 14:25:04'),
 ('c7566c04534c46439f7e1ae0ae6ea48e','CI0013','몰 오브 아시아 SM Mall of Asia','건물 3개가 이어져 있는 대규모의 쇼핑몰이다.','Pacific Drive, Pasay, Philippines','UUID-1111-1111111','2018-07-24 14:49:28','UUID-1111-1111111','2018-07-24 14:49:28'),
 ('c948cf1114bc48afbc4554f4103824ec','CI0019','스카이라인프라자','각종 명품을 볼 수 있는 쇼핑센터','Europa-Allee 6, 60327 Frankfurt am Main, 독일','UUID-1111-1111111','2018-07-24 14:13:30','UUID-1111-1111111','2018-07-24 14:13:30'),
 ('ca8f088708e04898ad2ef798fdefcaf4','CI0032','골든게이트교','다리, 안개 및 자전거 타기','Golden Gate Bridge, San Francisco, CA','UUID-1111-1111111','2018-07-24 14:24:53','UUID-1111-1111111','2018-07-24 14:24:53'),
 ('cd864f71768e4fcb842cc2c5f5927e21','CI0016','호치민 통일궁','호치민 통일궁','135 Nam Kỳ Khởi Nghĩa, Phường Bến Thành, Quận 1, Hồ Chí Minh 700000 베트남','UUID-1111-1111111','2018-07-24 14:06:32','UUID-1111-1111111','2018-07-24 14:06:32'),
 ('d73e449da8cc445c99a0f7dbed553029','CI0022','디즈니랜드','파리에 있는 랜드마크','77777 Marne-la-Vallée, 프랑스','UUID-1111-1111111','2018-07-24 14:19:25','UUID-1111-1111111','2018-07-24 14:19:25'),
 ('d9849666a789445ca38b80c0abafa108','CI0033','그리피스 천문대 Griffith Park & Observatory','헐리우드 북동쪽으로 펼쳐진 전미 최대의 도시형 공원인 그리피스 파크 중턱에 있는 천문대로 로스앤젤레스 시가지를 조망할 수 있는 최적의 장소이다. ','2800 East Observatory Road, Los Angeles, CA 90027, USA','UUID-1111-1111111','2018-07-24 14:41:21','UUID-1111-1111111','2018-07-24 14:41:21'),
 ('d9f07b4f7aa14f3baa75c4d868132168','CI0031','엠파이어 스테이트 빌딩','미국 뉴욕 주 뉴욕 시, 1931년에 지어진 울워스 고딕 양식의 건물','350 5th Ave, New York, NY 10118 미국','UUID-1111-1111111','2018-07-24 14:03:49','UUID-1111-1111111','2018-07-24 14:40:21'),
 ('e1e2d8f2e89741f9bc342a3979554417','CI0008','Sizihwan','해수욕장, 사적 및 연애','가오슝 대만 804','UUID-1111-1111111','2018-07-24 13:58:23','UUID-1111-1111111','2018-07-24 14:26:03'),
 ('e34ca51f9a0f45d788b334f438b57248','CI0014','산토니뇨 성당','필리핀 세부의 천주교 성당','Pilgrim Center, Osmeña Blvd, Cebu City, Cebu','UUID-1111-1111111','2018-07-24 14:28:30','UUID-1111-1111111','2018-07-24 14:28:30'),
 ('e4d53a7d6bbf4e21b332deba7137e451','CI0011','정글워터파크','푸켓에 있는 워터파크','65 Soi Mai Khao 4, Tambon Mai Khao, Amphoe Thalang, Chang Wat Phuket 83110 태국','UUID-1111-1111111','2018-07-24 14:17:21','UUID-1111-1111111','2018-07-24 16:41:43'),
 ('e7f1dfc49a0a49d489680f5d381d51fe','CI0004','만리장성','건축물, 유적지, 장벽','Huairou Qu, Beijing Shi','UUID-1111-1111111','2018-07-24 14:11:48','UUID-1111-1111111','2018-07-24 14:11:48'),
 ('e85b8a1a9f104ffca445abd1fe375ae5','CI0003','후쿠오카 성','후쿠오카에 있는 3대 성 중에 하나','Jonai, Chuo, Fukuoka, Fukuoka Prefecture 810-0043 일본','UUID-1111-1111111','2018-07-24 13:17:06','UUID-1111-1111111','2018-07-24 14:02:50'),
 ('ee9e3dc22a5441fb99870a931aa2cfe9','CI0009','시맨 댐','타오위안에 있는 거대한 댐','桃63鄉道 Daxi District Taoyuan City, 대만 335','UUID-1111-1111111','2018-07-24 14:24:30','UUID-1111-1111111','2018-07-24 14:24:30'),
 ('ef7fc861d2b949ec8350daf283989343','CI0026','Manchester Piccadily','광장','영국','UUID-1111-1111111','2018-07-24 14:51:17','UUID-1111-1111111','2018-07-24 14:51:17'),
 ('f70f254ae2b84fa89965eac77ef696fd','CI0045','필라이 사원','사원, 고대 이집트, 강, 고대사 및 역사','누비아, 이집트','UUID-1111-1111111','2018-07-24 14:32:03','UUID-1111-1111111','2018-07-24 14:32:03'),
 ('fb6e144f8ec241b6a89ce9c68e8b5f0b','CI0028','Malecón Tajamar','명소 > 광장, 전망대/타워','Av. Bonampak (Laguna Bojórquez), 칸쿤, Quintana Roo, 멕시코','UUID-1111-1111111','2018-07-24 14:33:23','UUID-1111-1111111','2018-07-24 14:33:23'),
 ('fde2e89f49814d26b150c9fea2e2d0bb','CI0036','Square Phillips','공원/정원, 광장, 랜드마크','rue Sainte-Catherine (entre Union & Place Phillips), 몬트리올 QC H3B 3E9, 캐나다','UUID-1111-1111111','2018-07-24 15:05:37','UUID-1111-1111111','2018-07-24 15:05:37'),
 ('TR0001','CI0001','스카이트리','천체투영관 및 수족관','〒131-0045 東京都墨田区押上１丁目１−2','UUID-1111-1111111','2018-07-24 12:14:31','UUID-1111-1111111','2018-07-24 15:06:02'),
 ('TR0002','CI0002','유니버설 스튜디오 재팬','놀이공원 및 해리포터의 세계','〒554-0031 大阪府大阪市此花区桜島２丁目１−33','UUID-1111-1111111','2018-07-24 12:14:31','UUID-1111-1111111','2018-07-24 14:34:15'),
 ('TR0003','CI0003','다자이후텐만구','신전, 사원, 단풍 및 온천','〒818-0117 福岡県 太宰府市宰府4丁目7番1号','UUID-1111-1111111','2018-07-24 12:14:31','UUID-1111-1111111','2018-07-24 14:02:30'),
 ('TR0004','CI0004','자금성','궁전, 박물관 및 건축','4 Jingshan Front St, Dongcheng Qu, Beijing Shi, 중국 100006','UUID-1111-1111111','2018-07-24 12:14:31','UUID-1111-1111111','2018-07-24 14:06:36'),
 ('TR0005','CI0005','광저우타워','600m 높이의 방송전파용 타워','Yuejiang W Rd, Haizhu Qu, Guangzhou Shi, Guangdong Sheng, 중국','UUID-1111-1111111','2018-07-24 12:14:31','UUID-1111-1111111','2018-07-24 14:37:20'),
 ('TR0006','CI0006','루쉰 공원','칭다오 시에 위치한 공원','Luxun Park, 훙커우 구 중국 200000','UUID-1111-1111111','2018-07-24 12:14:31','UUID-1111-1111111','2018-07-24 14:35:45'),
 ('TR0007','CI0007','양밍산','공원, 온천, 나비, 등산 및 화산','대만 국립공원에 위치','UUID-1111-1111111','2018-07-24 12:14:31','UUID-1111-1111111','2018-07-24 14:22:44'),
 ('TR0008','CI0008','리우허 야시장','다양한 먹거리가 줄비한 야시장','800 대만 Kaohsiung City, Xinxing District, 800台灣高雄市新興區六合二路與中山一路口','UUID-1111-1111111','2018-07-24 12:14:31','UUID-1111-1111111','2018-07-24 14:27:19'),
 ('TR0009','CI0009','닥시 올드 스트리트','바로크 건축, 사적 및 역사','Heping Road, Daxi District, Taoyuan City, 대만 335','UUID-1111-1111111','2018-07-24 12:14:31','UUID-1111-1111111','2018-07-24 14:23:38'),
 ('TR0010','CI0010','방콕 왕궁','궁전, 사원 및 불교','1 ถนน หน้าพระลาน  Khet Phra Nakhon, กรุงเทพมหานคร 10200 태국','UUID-1111-1111111','2018-07-24 12:14:31','UUID-1111-1111111','2018-07-24 12:14:31'),
 ('TR0011','CI0011','빠똥','해변, 밤문화, 씨푸드 가득','Bbaddong 태국','UUID-1111-1111111','2018-07-24 12:14:31','UUID-1111-1111111','2018-07-24 14:16:43'),
 ('TR0012','CI0012','도이수텝 사원','사원, 코끼리, 불교 및 산','9หมู9 ต.สุเทพ อ.เมือง จ.เชียงใหม่ วัดพระธาตุดอยสุเทพ เชียงใหม่ 50200 태국','UUID-1111-1111111','2018-07-24 12:14:31','UUID-1111-1111111','2018-07-24 14:36:21'),
 ('TR0013','CI0013','리살공원','공원, 오디토리엄, 정원, 역사 및 조각','Roxas Blvd Ermita, Barangay 666 Zone 72, Manila, 1000 Metro Manila, 필리핀','UUID-1111-1111111','2018-07-24 12:14:31','UUID-1111-1111111','2018-07-24 12:14:31'),
 ('TR0014','CI0014','막탄 섬','고래상어, 스쿠버 다이빙, 해수욕장등','Mactan 필리핀','UUID-1111-1111111','2018-07-24 12:14:31','UUID-1111-1111111','2018-07-24 14:04:31'),
 ('TR0015','CI0015','SM시티 클라크','다양한 쇼핑센터가 있는 공간','Clark Ave, Clark Freeport, Angeles, Pampanga, 필리핀','UUID-1111-1111111','2018-07-24 12:14:31','UUID-1111-1111111','2018-07-24 14:56:40'),
 ('TR0016','CI0016','꾸찌 터널','베트남 전쟁, 베낭여행','TL15, Phú Hiệp, Hồ Chí Minh, 733814 베트남','UUID-1111-1111111','2018-07-24 12:14:31','UUID-1111-1111111','2018-07-24 14:03:27'),
 ('TR0017','CI0017','호안끼엠호','호수 및 거북','Hanoi 베트남','UUID-1111-1111111','2018-07-24 12:14:31','UUID-1111-1111111','2018-07-24 14:10:52'),
 ('TR0018','CI0018','응우한선','산, 동굴, 현수하강, 불교 및 사원','52 Huyền Trân Công Chúa, Hoà Hải, Ngũ Hành Sơn, Đà Nẵng 550000 베트남','UUID-1111-1111111','2018-07-24 12:14:31','UUID-1111-1111111','2018-07-24 14:48:08'),
 ('TR0019','CI0019','뢰메르','지방 관청 및 요한 볼프강 폰 괴테','Römerberg 23, 60311 Frankfurt am Main, 독일','UUID-1111-1111111','2018-07-24 12:14:31','UUID-1111-1111111','2018-07-24 14:13:42'),
 ('TR0020','CI0020','님펜부르크궁','궁전, 성, 샤토, 정원 및 로코코','Schloß Nymphenburg 1, 80638 München, 독일','UUID-1111-1111111','2018-07-24 12:14:31','UUID-1111-1111111','2018-07-24 12:14:31'),
 ('TR0021','CI0021','Altstadt','맥주 및 밤문화','Altstadt 뮌헨','UUID-1111-1111111','2018-07-24 12:14:31','UUID-1111-1111111','2018-07-24 15:00:50'),
 ('TR0022','CI0022','에펠 탑','귀스타브 에펠, 기념건축물','Champ de Mars, 5 Avenue Anatole France, 75007 Paris, 프랑스','UUID-1111-1111111','2018-07-24 12:14:31','UUID-1111-1111111','2018-07-24 14:18:32'),
 ('TR0023','CI0023','코트다쥐르','칸 영화제, 해변, 파블로 피카소','꼬뜨 다쥬흐 Côte d Azur','UUID-1111-1111111','2018-07-24 12:14:31','UUID-1111-1111111','2018-07-24 14:45:01'),
 ('TR0024','CI0024','푸비에르 노트르담 성당','바실리카 및 교회당','6 Parvis Notre-Dame - Pl. Jean-Paul II, 75004 Paris, 프랑스','UUID-1111-1111111','2018-07-24 12:14:31','UUID-1111-1111111','2018-07-24 12:14:31'),
 ('TR0025','CI0025','빅 벤','시계탑, 강, 건축 및 기념건축물','영국 SW1A 0AA 런던','UUID-1111-1111111','2018-07-24 12:14:31','UUID-1111-1111111','2018-07-24 15:04:33'),
 ('TR0026','CI0026','올드 트래퍼드','음악회, 박물관 및 연극','Sir Matt Busby Way, Stretford, Manchester M16 0RA 영국','UUID-1111-1111111','2018-07-24 12:14:31','UUID-1111-1111111','2018-07-24 12:14:31'),
 ('TR0027','CI0027','홀리루드 궁전','궁전, 성, 수도원 및 정원','Canongate, Edinburgh EH8 8DX 영국','UUID-1111-1111111','2018-07-24 12:14:31','UUID-1111-1111111','2018-07-24 14:00:34'),
 ('TR0028','CI0028','이슬라 콘토이','고래상어, 스노클링, 산호초','Mercado 23 Manzana 37 SM23, Calle Cedro lote 16, 23, 77500 Cancún, Q.R., 멕시코','UUID-1111-1111111','2018-07-24 12:14:31','UUID-1111-1111111','2018-07-24 14:39:03'),
 ('TR0029','CI0029','소칼로','대성당, 역사, 기념건축물','Plaza de la Constitución S/N, Centro Histórico, Centro, 06010 Ciudad de México, CDMX, 멕시코','UUID-1111-1111111','2018-07-24 12:14:31','UUID-1111-1111111','2018-07-24 12:14:31'),
 ('TR0030','CI0030','플라자 가든','메리다의 역사','El Risco CTM 07090 Ciudad de México, CDMX 멕시코','UUID-1111-1111111','2018-07-24 12:14:31','UUID-1111-1111111','2018-07-24 12:14:31'),
 ('TR0031','CI0031','자유의 여신상','기념건축물, 귀스타브 에펠 및 항만','미국 10004 뉴욕','UUID-1111-1111111','2018-07-24 12:14:31','UUID-1111-1111111','2018-07-24 14:41:20'),
 ('TR0032','CI0032','피셔맨스워프','바다사자아과, 씨푸드, 대합조개 및 밀랍 인형','미국 캘리포니아 샌프란시스코','UUID-1111-1111111','2018-07-24 12:14:31','UUID-1111-1111111','2018-07-24 14:05:38'),
 ('TR0033','CI0033','게티 센터',' J. 폴 게티 미술관','1200 Getty Center Dr, Los Angeles, CA 90049 미국','UUID-1111-1111111','2018-07-24 12:14:31','UUID-1111-1111111','2018-07-24 12:14:31'),
 ('TR0034','CI0034','스탠리 파크','공원, 아메리카너구리, 자전거등','캐나다 V6G 1Z4 브리티시컬럼비아 밴쿠버','UUID-1111-1111111','2018-07-24 12:14:31','UUID-1111-1111111','2018-07-24 14:06:51'),
 ('TR0035','CI0035','로열 온타리오 박물관','박물관, 다니엘 리베스킨트','100 Queens Park, Toronto, ON M5S 2C6 캐나다','UUID-1111-1111111','2018-07-24 12:14:31','UUID-1111-1111111','2018-07-24 14:21:20'),
 ('TR0036','CI0036','몽 후와얄','공원, 아이스스케이팅 및 호수','캐나다 H2W 1S8 퀘벡 몬트리올','UUID-1111-1111111','2018-07-24 12:14:31','UUID-1111-1111111','2018-07-24 12:14:31'),
 ('TR0037','CI0037','상파울루 미술관','미술관, 피에르 오귀스트 르누아르','Av. Paulista, 1578 - Bela Vista, São Paulo - SP, 01310-200 브라질','UUID-1111-1111111','2018-07-24 12:14:31','UUID-1111-1111111','2018-07-24 14:06:05'),
 ('TR0038','CI0038','오스카 박물관','박물관, 오스카르 니에마이에르, 조각 및 건축','Parque Ibirapuera, São Paulo - SP, 04094-050 브라질','UUID-1111-1111111','2018-07-24 12:14:31','UUID-1111-1111111','2018-07-24 14:45:56'),
 ('TR0039','CI0039','브라질리아 대성당','대성당, 오스카르 니에마이에르, 세례당, 건축','Esplanada dos Ministérios lote 12 - Brasília, DF, 70050-000 브라질','UUID-1111-1111111','2018-07-24 12:14:31','UUID-1111-1111111','2018-07-24 14:06:24'),
 ('TR0040','CI0040','스카이 타워','번지점프, 항만 및 카지노','Victoria St W, Auckland, 1010 뉴질랜드','UUID-1111-1111111','2018-07-24 12:14:31','UUID-1111-1111111','2018-07-24 14:34:40'),
 ('TR0041','CI0041','질랜디아 이코상투아리','야생동물 보호구역, 보호지역','154A Selwyn St, Waimataitai, Timaru 7910 뉴질랜드','UUID-1111-1111111','2018-07-24 12:14:31','UUID-1111-1111111','2018-07-24 14:35:20'),
 ('TR0042','CI0042','라나흐 캐슬','성, 신천옹과, 정원 및 야생동물','145 Camp Rd, Dunedin 9077 뉴질랜드','UUID-1111-1111111','2018-07-24 12:14:31','UUID-1111-1111111','2018-07-24 14:50:16'),
 ('TR0043','CI0043','기자의 피라미드','고대 이집트, 낙타, 고대사 및 역사','Al Haram, Nazlet El-Semman, Al Haram, Giza Governorate, 이집트','UUID-1111-1111111','2018-07-24 12:14:31','UUID-1111-1111111','2018-07-24 14:36:55'),
 ('TR0044','CI0044','몬타자 궁전','건축물, 유적지, 궁전','Qism El-Montaza, Al Mandarah Bahri','UUID-1111-1111111','2018-07-24 12:14:31','UUID-1111-1111111','2018-07-24 14:02:20'),
 ('TR0045','CI0045','누비안 박물관','고대 이집트, 박물관','Nubia Museum, el Fanadek Street (Opposite Basma Hotel), 81111, Aswan, Egypt','UUID-1111-1111111','2018-07-24 12:14:31','UUID-1111-1111111','2018-07-24 14:04:14');


INSERT INTO SS_INT_LOCAL 
VALUES
('SYSUID-SS001','LO0001'),
('SYSUID-SS001','LO0002'),
('SYSUID-SS002','LO0003'),
('SYSUID-SS002','LO0004'),
('SYSUID-SS003','LO0005'),
('SYSUID-SS003','LO0006'),
('SYSUID-SS003','LO0007');

/*
-- Query: SELECT * FROM skysearch.ss_attachfile
LIMIT 0, 1000

-- Date: 2018-07-24 17:28
*/
INSERT INTO `ss_attachfile` (`ATTACHFILE_SEQ`,`SOURCE_UNIQUE_SEQ`,`ATTACHFILE_TYPE`,`ORGINALFILE_NAME`,`PHYSICALFILE_NAME`,`ATTACHFILE_PATH`,`ATTACHFILE_SIZE`,`REGISTER_SEQ`,`REGISTRY_DATE`,`MODIFIER_SEQ`,`MODIFY_DATE`) VALUES 
('09581997adf6477bb5b8252c5b1b7101','c57c897940324523bdf6d2c5d114b83e','image/jpeg','gaoshung_love_river.jpg','201872422752_gaoshung_love_river.jpg','C:\\sts-bundle\\pivotal-tc-server-developer-3.2.9.RELEASE\\Final_SkySearch\\wtpwebapps\\SkySearch\\resources\\uploads\\201872422752_gaoshung_love_river.jpg',52834,'UUID-1111-1111111','2018-07-24 14:25:03','UUID-1111-1111111','2018-07-24 14:25:03'),
('0a0fd81a59ba4b399bfef454e2490788','CI0029','image/jpeg','Ciudad de México.jpg','20187242732_Ciudad de México.jpg','C:\\Users\\student\\Desktop\\SpringFramework\\spring-tool-suite-3.9.3.RELEASE-e4.7.3-win32-x86_64\\sts-bundle\\pivotal-tc-server-developer-3.2.9.RELEASE\\SkySearchServer\\wtpwebapps\\SkySearch\\resources\\uploads\\20187242732_Ciudad de México.jpg',1330886,'UUID-1111-1111111','2018-07-24 14:04:53','UUID-1111-1111111','2018-07-24 14:04:53'),
('0a3f2fb2573b4815be0c068669872756','5314e30d76ff412a9273f8b50b29bfa0','image/jpeg','mexicocity_bulldongCafe.jpg','20187243419_mexicocity_bulldongCafe.jpg','C:\\spring-tool-suite-3.9.3.RELEASE-e4.7.3-win32-x86_64\\sts-bundle\\pivotal-tc-server-developer-3.2.9.RELEASE\\skys\\wtpwebapps\\SkySearch\\resources\\uploads\\20187243419_mexicocity_bulldongCafe.jpg',138157,'UUID-1111-1111111','2018-07-24 15:00:59','UUID-1111-1111111','2018-07-24 15:00:59'),
('0b9fe37c67304f5cae76042557b83bd3','a46453605263470c89993b0abc0b3343','image/jpeg','la_univeralStudioHollywood.jpg','20187242440_la_univeralStudioHollywood.jpg','C:\\spring-tool-suite-3.9.3.RELEASE-e4.7.3-win32-x86_64\\sts-bundle\\pivotal-tc-server-developer-3.2.9.RELEASE\\skys\\wtpwebapps\\SkySearch\\resources\\uploads\\20187242440_la_univeralStudioHollywood.jpg',43263,'UUID-1111-1111111','2018-07-24 14:40:41','UUID-1111-1111111','2018-07-24 14:40:41'),
('0d16f95eefac4ed094a1aa9ad01518d8','CI0004','image/jpeg','Beijing.jpg','20187242933_Beijing.jpg','C:\\Users\\student\\Desktop\\SpringFramework\\spring-tool-suite-3.9.3.RELEASE-e4.7.3-win32-x86_64\\sts-bundle\\pivotal-tc-server-developer-3.2.9.RELEASE\\SkySearchServer\\wtpwebapps\\SkySearch\\resources\\uploads\\20187242933_Beijing.jpg',187629,'UUID-1111-1111111','2018-07-24 14:06:53','UUID-1111-1111111','2018-07-24 14:06:53'),
('11f3a05a942641d190bf0e1070fabeb4','7f81f68ceaa64110851ea7cd0043cb8d','image/jpeg','hukuoka_hakatabay.jpg','20187242443_hukuoka_hakatabay.jpg','C:\\sts-bundle\\pivotal-tc-server-developer-3.2.9.RELEASE\\skysearch1\\wtpwebapps\\SkySearch\\resources\\uploads\\20187242443_hukuoka_hakatabay.jpg',145620,'UUID-1111-1111111','2018-07-24 14:02:18','UUID-1111-1111111','2018-07-24 14:02:18'),
('13b4dfd0a4aa4b5c9d7d3ac559abe0fd','CI0001','image/jpeg','Tokyo.jpg','20187242547_Tokyo.jpg','C:\\Users\\student\\Desktop\\SpringFramework\\spring-tool-suite-3.9.3.RELEASE-e4.7.3-win32-x86_64\\sts-bundle\\pivotal-tc-server-developer-3.2.9.RELEASE\\SkySearchServer\\wtpwebapps\\SkySearch\\resources\\uploads\\20187242547_Tokyo.jpg',261843,'UUID-1111-1111111','2018-07-24 14:03:07','UUID-1111-1111111','2018-07-24 14:03:07'),
('13fd7d79c23a4d24868761341fce7298','2f9e4361a21a40fcba3712044a399dee','image/jpeg','paris_street.jpg','201872422034_paris_street.jpg','C:\\sts-bundle\\pivotal-tc-server-developer-3.2.9.RELEASE\\skysearch1\\wtpwebapps\\SkySearch\\resources\\uploads\\201872422034_paris_street.jpg',9504,'UUID-1111-1111111','2018-07-24 14:18:09','UUID-1111-1111111','2018-07-24 14:18:09'),
('14321c7ef60842b9926f18291a781328','TR0018','image/jpeg','danang_unnwoohansun.jpg','201872425056_danang_unnwoohansun.jpg','C:\\sts-bundle\\pivotal-tc-server-developer-3.2.9.RELEASE\\Final_SkySearch\\wtpwebapps\\SkySearch\\resources\\uploads\\201872425056_danang_unnwoohansun.jpg',14042,'UUID-1111-1111111','2018-07-24 14:48:08','UUID-1111-1111111','2018-07-24 14:48:08'),
('1472192efecc4a718c53a321cd855e5c','TR0045','image/jpeg','Aswan_Nubian_Museum_entrance.jpg','20187242741_Aswan_Nubian_Museum_entrance.jpg','C:\\SpringFramework\\spring-tool-suite-3.9.3.RELEASE-e4.7.3-win32-x86_64\\sts-bundle\\pivotal-tc-server-developer-3.2.9.RELEASE\\project\\wtpwebapps\\SkySearch\\resources\\uploads\\20187242741_Aswan_Nubian_Museum_entrance.jpg',3787720,'UUID-1111-1111111','2018-07-24 14:04:14','UUID-1111-1111111','2018-07-24 14:04:14'),
('19ef0f34862841ce859899a2074100b2','d9849666a789445ca38b80c0abafa108','image/jpeg','la_griffithpark.jpg','201872424441_la_griffithpark.jpg','C:\\spring-tool-suite-3.9.3.RELEASE-e4.7.3-win32-x86_64\\sts-bundle\\pivotal-tc-server-developer-3.2.9.RELEASE\\skys\\wtpwebapps\\SkySearch\\resources\\uploads\\201872424441_la_griffithpark.jpg',31800,'UUID-1111-1111111','2018-07-24 14:41:21','UUID-1111-1111111','2018-07-24 14:41:21'),
('1b7bc433fe034b2f902552758b9c714c','TR0003','image/jpeg','hukuoka_dajaihu.jpg','20187242455_hukuoka_dajaihu.jpg','C:\\sts-bundle\\pivotal-tc-server-developer-3.2.9.RELEASE\\skysearch1\\wtpwebapps\\SkySearch\\resources\\uploads\\20187242455_hukuoka_dajaihu.jpg',15046,'UUID-1111-1111111','2018-07-24 14:02:30','UUID-1111-1111111','2018-07-24 14:02:30'),
('1beb59964ba74405844a5a0edf4caa3d','91fbd53eb5ba4489b378ca20eaee1b35','image/jpeg','wellington_Museum.jpg','20187242351_wellington_Museum.jpg','C:\\sts-bundle\\pivotal-tc-server-developer-3.2.9.RELEASE\\skysearch\\wtpwebapps\\SkySearch\\resources\\uploads\\20187242351_wellington_Museum.jpg',66392,'UUID-1111-1111111','2018-07-24 14:35:01','UUID-1111-1111111','2018-07-24 14:35:01'),
('1f8f8b05b868410dbf0b0d29d8450a69','8f44a2bc8c2247569e9c2d1eac49fcd8','image/jpeg','deseldorf_schloss.jpg','20187243153_deseldorf_schloss.jpg','C:\\sts-bundle\\pivotal-tc-server-developer-3.2.9.RELEASE\\Final_SkySearch\\wtpwebapps\\SkySearch\\resources\\uploads\\20187243153_deseldorf_schloss.jpg',35421,'UUID-1111-1111111','2018-07-24 14:59:05','UUID-1111-1111111','2018-07-24 14:59:05'),
('228c6f528de64a318a16b304c9dd3630','CI0020','image/jpeg','München.jpg','20187242854_München.jpg','C:\\Users\\student\\Desktop\\SpringFramework\\spring-tool-suite-3.9.3.RELEASE-e4.7.3-win32-x86_64\\sts-bundle\\pivotal-tc-server-developer-3.2.9.RELEASE\\SkySearchServer\\wtpwebapps\\SkySearch\\resources\\uploads\\20187242854_München.jpg',270921,'UUID-1111-1111111','2018-07-24 14:06:15','UUID-1111-1111111','2018-07-24 14:06:15'),
('23c954ed4ade46a3935dfc9377e38391','CI0005','image/jpeg','Guangzhou.jpg','20187242449_Guangzhou.jpg','C:\\Users\\student\\Desktop\\SpringFramework\\spring-tool-suite-3.9.3.RELEASE-e4.7.3-win32-x86_64\\sts-bundle\\pivotal-tc-server-developer-3.2.9.RELEASE\\SkySearchServer\\wtpwebapps\\SkySearch\\resources\\uploads\\20187242449_Guangzhou.jpg',276306,'UUID-1111-1111111','2018-07-24 14:02:10','UUID-1111-1111111','2018-07-24 14:02:10'),
('25243cdf375843ef9687fd4e71b4c102','ef7fc861d2b949ec8350daf283989343','image/jpeg','manchester_manchesterPiccadily.jpg','201872425436_manchester_manchesterPiccadily.jpg','C:\\spring-tool-suite-3.9.3.RELEASE-e4.7.3-win32-x86_64\\sts-bundle\\pivotal-tc-server-developer-3.2.9.RELEASE\\skys\\wtpwebapps\\SkySearch\\resources\\uploads\\201872425436_manchester_manchesterPiccadily.jpg',150482,'UUID-1111-1111111','2018-07-24 14:51:16','UUID-1111-1111111','2018-07-24 14:51:16'),
('277a8953f9a74e968714fb7defdc85c8','30de762bc9494292b1a890b5c05cb533','image/jpeg','la_theWalkOfFame.jpg','201872424314_la_theWalkOfFame.jpg','C:\\spring-tool-suite-3.9.3.RELEASE-e4.7.3-win32-x86_64\\sts-bundle\\pivotal-tc-server-developer-3.2.9.RELEASE\\skys\\wtpwebapps\\SkySearch\\resources\\uploads\\201872424314_la_theWalkOfFame.jpg',81945,'UUID-1111-1111111','2018-07-24 14:39:54','UUID-1111-1111111','2018-07-24 14:39:54'),
('27e95a67c1e54ecca52ebc721162bf18','CI0037','image/jpeg','São Paulo.jpg','20187242957_São Paulo.jpg','C:\\Users\\student\\Desktop\\SpringFramework\\spring-tool-suite-3.9.3.RELEASE-e4.7.3-win32-x86_64\\sts-bundle\\pivotal-tc-server-developer-3.2.9.RELEASE\\SkySearchServer\\wtpwebapps\\SkySearch\\resources\\uploads\\20187242957_São Paulo.jpg',215899,'UUID-1111-1111111','2018-07-24 14:07:18','UUID-1111-1111111','2018-07-24 14:07:18'),
('27fe4a9a281d4e22946a666259ff2901','CI0022','image/jpeg','Paris.jpg','201872421538_Paris.jpg','C:\\Users\\student\\Desktop\\SpringFramework\\spring-tool-suite-3.9.3.RELEASE-e4.7.3-win32-x86_64\\sts-bundle\\pivotal-tc-server-developer-3.2.9.RELEASE\\SkySearchServer\\wtpwebapps\\SkySearch\\resources\\uploads\\201872421538_Paris.jpg',4783330,'UUID-1111-1111111','2018-07-24 14:12:59','UUID-1111-1111111','2018-07-24 14:12:59'),
('2815d47b0df84b72a069b6c5694b7792','e1e2d8f2e89741f9bc342a3979554417','image/jpeg','gaoshung_sizihwan.jpg','201872422851_gaoshung_sizihwan.jpg','C:\\sts-bundle\\pivotal-tc-server-developer-3.2.9.RELEASE\\Final_SkySearch\\wtpwebapps\\SkySearch\\resources\\uploads\\201872422851_gaoshung_sizihwan.jpg',6603,'UUID-1111-1111111','2018-07-24 14:26:03','UUID-1111-1111111','2018-07-24 14:26:03'),
('28b6c6b56519472f9e4ef97b0fbc16fe','TR0014','image/jpeg','cebu_mactan.jpg','20187242758_cebu_mactan.jpg','C:\\SpringFramework\\spring-tool-suite-3.9.3.RELEASE-e4.7.3-win32-x86_64\\sts-bundle\\pivotal-tc-server-developer-3.2.9.RELEASE\\project\\wtpwebapps\\SkySearch\\resources\\uploads\\20187242758_cebu_mactan.jpg',224652,'UUID-1111-1111111','2018-07-24 14:04:30','UUID-1111-1111111','2018-07-24 14:04:30'),
('2a7979dc387b47cbad4b48d3b508f6d3','TR0039','image/jpeg','brazilia_cathedral.jpg','20187242951_brazilia_cathedral.jpg','C:\\SpringFramework\\spring-tool-suite-3.9.3.RELEASE-e4.7.3-win32-x86_64\\sts-bundle\\pivotal-tc-server-developer-3.2.9.RELEASE\\project\\wtpwebapps\\SkySearch\\resources\\uploads\\20187242951_brazilia_cathedral.jpg',118881,'UUID-1111-1111111','2018-07-24 14:06:24','UUID-1111-1111111','2018-07-24 14:06:24'),
('2ab7651be1c646a1a9f39d04df7dacf1','CI0027','image/jpeg','Edinburgh.jpg','20187242127_Edinburgh.jpg','C:\\Users\\student\\Desktop\\SpringFramework\\spring-tool-suite-3.9.3.RELEASE-e4.7.3-win32-x86_64\\sts-bundle\\pivotal-tc-server-developer-3.2.9.RELEASE\\SkySearchServer\\wtpwebapps\\SkySearch\\resources\\uploads\\20187242127_Edinburgh.jpg',244974,'UUID-1111-1111111','2018-07-24 14:09:28','UUID-1111-1111111','2018-07-24 14:09:28'),
('2bab4897db5b44a3a461c46909a252e9','TR0028','image/jpeg','kankoon_contoi.jpg','20187242393_kankoon_contoi.jpg','C:\\sts-bundle\\pivotal-tc-server-developer-3.2.9.RELEASE\\skysearch\\wtpwebapps\\SkySearch\\resources\\uploads\\20187242393_kankoon_contoi.jpg',562219,'UUID-1111-1111111','2018-07-24 14:39:03','UUID-1111-1111111','2018-07-24 14:39:03'),
('2bd70d90dcc3427899f6e26e6b9288fd','TR0025','image/jpeg','rundon_bigben.jpg','20187243722_rundon_bigben.jpg','C:\\sts-bundle\\pivotal-tc-server-developer-3.2.9.RELEASE\\Final_SkySearch\\wtpwebapps\\SkySearch\\resources\\uploads\\20187243722_rundon_bigben.jpg',64857,'UUID-1111-1111111','2018-07-24 15:04:33','UUID-1111-1111111','2018-07-24 15:04:33'),
('2bf5dc59e81d477596c2e0377cc25b12','8e668549cbd44681b2fb1e9b03dff4ea','image/jpeg','merida_meridaCath.jpeg','2018724335_merida_meridaCath.jpeg','C:\\spring-tool-suite-3.9.3.RELEASE-e4.7.3-win32-x86_64\\sts-bundle\\pivotal-tc-server-developer-3.2.9.RELEASE\\skys\\wtpwebapps\\SkySearch\\resources\\uploads\\2018724335_merida_meridaCath.jpeg',119525,'UUID-1111-1111111','2018-07-24 14:59:45','UUID-1111-1111111','2018-07-24 14:59:45'),
('2e9ed78ad47246ae846f681aa8498181','CI0041','image/jpeg','Wellington.jpg','201872421254_Wellington.jpg','C:\\Users\\student\\Desktop\\SpringFramework\\spring-tool-suite-3.9.3.RELEASE-e4.7.3-win32-x86_64\\sts-bundle\\pivotal-tc-server-developer-3.2.9.RELEASE\\SkySearchServer\\wtpwebapps\\SkySearch\\resources\\uploads\\201872421254_Wellington.jpg',7113912,'UUID-1111-1111111','2018-07-24 14:10:15','UUID-1111-1111111','2018-07-24 14:10:15'),
('2ff5c4b8d63f46848b0d13b3eea96ac6','887ca327dddc4602bddfc0defad9454e','image/jpeg','bangkok_Khaosan Rd.jpg','201872431529_bangkok_Khaosan Rd.jpg','C:\\spring-tool-suite-3.9.3.RELEASE-e4.7.3-win32-x86_64\\sts-bundle\\pivotal-tc-server-developer-3.2.9.RELEASE\\skys\\wtpwebapps\\SkySearch\\resources\\uploads\\201872431529_bangkok_Khaosan Rd.jpg',47134,'UUID-1111-1111111','2018-07-24 15:12:10','UUID-1111-1111111','2018-07-24 15:12:10'),
('308fc486876048f489406840b3346eb2','c070ee2e69bf4d139a6ec924b06848cf','image/jpeg','cebu_cross.jpg','201872423026_cebu_cross.jpg','C:\\SpringFramework\\spring-tool-suite-3.9.3.RELEASE-e4.7.3-win32-x86_64\\sts-bundle\\pivotal-tc-server-developer-3.2.9.RELEASE\\project\\wtpwebapps\\SkySearch\\resources\\uploads\\201872423026_cebu_cross.jpg',333613,'UUID-1111-1111111','2018-07-24 14:26:59','UUID-1111-1111111','2018-07-24 14:26:59'),
('3135b159737e4a94aaff16f3f09316fa','6ed983c6866f4c748a8cf53a582a062b','image/jpeg','brazilia_stadium.jpg','201872421911_brazilia_stadium.jpg','C:\\SpringFramework\\spring-tool-suite-3.9.3.RELEASE-e4.7.3-win32-x86_64\\sts-bundle\\pivotal-tc-server-developer-3.2.9.RELEASE\\project\\wtpwebapps\\SkySearch\\resources\\uploads\\201872421911_brazilia_stadium.jpg',148831,'UUID-1111-1111111','2018-07-24 14:15:43','UUID-1111-1111111','2018-07-24 14:15:43'),
('31887b8e45994c51b49b106801c65056','38d7a7496b4d4b53863c393e4960d697','image/jpeg','mexicocity_Castillo_de_Chapultepec.jpg','20187243621_mexicocity_Castillo_de_Chapultepec.jpg','C:\\spring-tool-suite-3.9.3.RELEASE-e4.7.3-win32-x86_64\\sts-bundle\\pivotal-tc-server-developer-3.2.9.RELEASE\\skys\\wtpwebapps\\SkySearch\\resources\\uploads\\20187243621_mexicocity_Castillo_de_Chapultepec.jpg',3449084,'UUID-1111-1111111','2018-07-24 15:03:01','UUID-1111-1111111','2018-07-24 15:03:01'),
('319cda3103684b9187e594a9750da5da','1f08624529d64ef1b8a4a0312d589086','image/jpeg','lyon_fourviereHill.jpg','20187242498_lyon_fourviereHill.jpg','C:\\spring-tool-suite-3.9.3.RELEASE-e4.7.3-win32-x86_64\\sts-bundle\\pivotal-tc-server-developer-3.2.9.RELEASE\\skys\\wtpwebapps\\SkySearch\\resources\\uploads\\20187242498_lyon_fourviereHill.jpg',56846,'UUID-1111-1111111','2018-07-24 14:45:48','UUID-1111-1111111','2018-07-24 14:45:48'),
('348f94097edd4ad482a5e1e89f265a62','9d22208fe99649a1a9b097a86d8cf52f','image/jpeg','bangkok_Asiatique.jpg','201872431646_bangkok_Asiatique.jpg','C:\\spring-tool-suite-3.9.3.RELEASE-e4.7.3-win32-x86_64\\sts-bundle\\pivotal-tc-server-developer-3.2.9.RELEASE\\skys\\wtpwebapps\\SkySearch\\resources\\uploads\\201872431646_bangkok_Asiatique.jpg',45251,'UUID-1111-1111111','2018-07-24 15:13:27','UUID-1111-1111111','2018-07-24 15:13:27'),
('350dc059d88246079b9b1e927a552c18','4c61817ee20e40f1a42b6c2df8c313a1','image/jpeg','manila_intramuros.jpg','201872425029_manila_intramuros.jpg','C:\\spring-tool-suite-3.9.3.RELEASE-e4.7.3-win32-x86_64\\sts-bundle\\pivotal-tc-server-developer-3.2.9.RELEASE\\skys\\wtpwebapps\\SkySearch\\resources\\uploads\\201872425029_manila_intramuros.jpg',48904,'UUID-1111-1111111','2018-07-24 14:47:10','UUID-1111-1111111','2018-07-24 14:47:10'),
('35539e46e35841e5b9037185593206f1','39094f377e4d41fbac0b734efe5fbfdd','image/jpeg','alexandria_Pompey_Pillar_with_sphinx.JPG','20187242376_alexandria_Pompey_Pillar_with_sphinx.JPG','C:\\SpringFramework\\spring-tool-suite-3.9.3.RELEASE-e4.7.3-win32-x86_64\\sts-bundle\\pivotal-tc-server-developer-3.2.9.RELEASE\\project\\wtpwebapps\\SkySearch\\resources\\uploads\\20187242376_alexandria_Pompey_Pillar_with_sphinx.JPG',2898723,'UUID-1111-1111111','2018-07-24 14:33:39','UUID-1111-1111111','2018-07-24 14:33:39'),
('3833b24ae8e7497894949c6d4bcbf8db','CI0043','image/jpeg','Cairo.jpg','201872421337_Cairo.jpg','C:\\Users\\student\\Desktop\\SpringFramework\\spring-tool-suite-3.9.3.RELEASE-e4.7.3-win32-x86_64\\sts-bundle\\pivotal-tc-server-developer-3.2.9.RELEASE\\SkySearchServer\\wtpwebapps\\SkySearch\\resources\\uploads\\201872421337_Cairo.jpg',3266731,'UUID-1111-1111111','2018-07-24 14:10:58','UUID-1111-1111111','2018-07-24 14:10:58'),
('38ca8b970bbf4623bb4628f56d5a51bd','TR0007','image/jpeg','taipei_yangmingsan.jpg','20187242258_taipei_yangmingsan.jpg','C:\\sts-bundle\\pivotal-tc-server-developer-3.2.9.RELEASE\\skysearch1\\wtpwebapps\\SkySearch\\resources\\uploads\\20187242258_taipei_yangmingsan.jpg',10730,'UUID-1111-1111111','2018-07-24 14:22:43','UUID-1111-1111111','2018-07-24 14:22:43'),
('39572445ac594e20b891f21b1682b2dc','8f4f7afacd8543d3a357ee64519de979','image/jpeg','chiangmai_watchedi.jpg','201872423631_chiangmai_watchedi.jpg','C:\\sts-bundle\\pivotal-tc-server-developer-3.2.9.RELEASE\\skysearch\\wtpwebapps\\SkySearch\\resources\\uploads\\201872423631_chiangmai_watchedi.jpg',33583,'UUID-1111-1111111','2018-07-24 14:36:31','UUID-1111-1111111','2018-07-24 14:36:31'),
('3aeed2648e41410c970243abb2ae8dd2','968c5a76cdb349b5ab31da7a3f89fc3e','image/jpeg','München_Church of Our Lady.jpg','20187243145_München_Church of Our Lady.jpg','C:\\spring-tool-suite-3.9.3.RELEASE-e4.7.3-win32-x86_64\\sts-bundle\\pivotal-tc-server-developer-3.2.9.RELEASE\\skys\\wtpwebapps\\SkySearch\\resources\\uploads\\20187243145_München_Church of Our Lady.jpg',37295,'UUID-1111-1111111','2018-07-24 15:10:46','UUID-1111-1111111','2018-07-24 15:10:46'),
('3c2210506857476b89e75d080eeb6734','CI0044','image/jpeg','Alexandria.jpg','201872421154_Alexandria.jpg','C:\\Users\\student\\Desktop\\SpringFramework\\spring-tool-suite-3.9.3.RELEASE-e4.7.3-win32-x86_64\\sts-bundle\\pivotal-tc-server-developer-3.2.9.RELEASE\\SkySearchServer\\wtpwebapps\\SkySearch\\resources\\uploads\\201872421154_Alexandria.jpg',10883,'UUID-1111-1111111','2018-07-24 14:09:15','UUID-1111-1111111','2018-07-24 14:09:15'),
('405d4bd1b87347af9b75c3cbc6f97075','CI0012','image/jpeg','Chiang Mai.jpg','201872421327_Chiang Mai.jpg','C:\\Users\\student\\Desktop\\SpringFramework\\spring-tool-suite-3.9.3.RELEASE-e4.7.3-win32-x86_64\\sts-bundle\\pivotal-tc-server-developer-3.2.9.RELEASE\\SkySearchServer\\wtpwebapps\\SkySearch\\resources\\uploads\\201872421327_Chiang Mai.jpg',217177,'UUID-1111-1111111','2018-07-24 14:10:47','UUID-1111-1111111','2018-07-24 14:10:47'),
('41c88b72482949928812394eae1d75d1','b792035162934ad1bbc29312ebf1be93','image/jpeg','vancouver_Granville Island.jpg','201872421322_vancouver_Granville Island.jpg','C:\\SpringFramework\\spring-tool-suite-3.9.3.RELEASE-e4.7.3-win32-x86_64\\sts-bundle\\pivotal-tc-server-developer-3.2.9.RELEASE\\project\\wtpwebapps\\SkySearch\\resources\\uploads\\201872421322_vancouver_Granville Island.jpg',399475,'UUID-1111-1111111','2018-07-24 14:09:55','UUID-1111-1111111','2018-07-24 14:09:55'),
('41faa87c82e74434964af26695755e59','c7566c04534c46439f7e1ae0ae6ea48e','image/jpeg','manila_smMallofAsia.jpg','201872425247_manila_smMallofAsia.jpg','C:\\spring-tool-suite-3.9.3.RELEASE-e4.7.3-win32-x86_64\\sts-bundle\\pivotal-tc-server-developer-3.2.9.RELEASE\\skys\\wtpwebapps\\SkySearch\\resources\\uploads\\201872425247_manila_smMallofAsia.jpg',24720,'UUID-1111-1111111','2018-07-24 14:49:27','UUID-1111-1111111','2018-07-24 14:49:27'),
('42408d434e5546f5bf23d1d500549230','557dffab62c1438a97bce25d867b71f6','image/jpeg','sao-paulo_cathedral.jpg','201872422710_sao-paulo_cathedral.jpg','C:\\SpringFramework\\spring-tool-suite-3.9.3.RELEASE-e4.7.3-win32-x86_64\\sts-bundle\\pivotal-tc-server-developer-3.2.9.RELEASE\\project\\wtpwebapps\\SkySearch\\resources\\uploads\\201872422710_sao-paulo_cathedral.jpg',2718386,'UUID-1111-1111111','2018-07-24 14:23:43','UUID-1111-1111111','2018-07-24 14:23:43'),
('45d867c8367040e280b1fc561181c4e4','CI0007','image/jpeg','Taipei.jpg','20187242152_Taipei.jpg','C:\\Users\\student\\Desktop\\SpringFramework\\spring-tool-suite-3.9.3.RELEASE-e4.7.3-win32-x86_64\\sts-bundle\\pivotal-tc-server-developer-3.2.9.RELEASE\\SkySearchServer\\wtpwebapps\\SkySearch\\resources\\uploads\\20187242152_Taipei.jpg',465121,'UUID-1111-1111111','2018-07-24 14:12:23','UUID-1111-1111111','2018-07-24 14:12:23'),
('46f7cfc3f3cc4863b66a783bc67a4fa3','2e9382fb374d4fef81a890c238491081','image/jpeg','wellington_oldBank.jpg','201872423510_wellington_oldBank.jpg','C:\\sts-bundle\\pivotal-tc-server-developer-3.2.9.RELEASE\\skysearch\\wtpwebapps\\SkySearch\\resources\\uploads\\201872423510_wellington_oldBank.jpg',135949,'UUID-1111-1111111','2018-07-24 14:35:10','UUID-1111-1111111','2018-07-24 14:35:10'),
('48b1ca49bf5c40aaaa4686e45af15d5e','5bf4c575f9944007ad1260e2fa6fd11c','image/jpeg','tokyo_sensozi.jpg','20187243836_tokyo_sensozi.jpg','C:\\sts-bundle\\pivotal-tc-server-developer-3.2.9.RELEASE\\Final_SkySearch\\wtpwebapps\\SkySearch\\resources\\uploads\\20187243836_tokyo_sensozi.jpg',52920,'UUID-1111-1111111','2018-07-24 15:05:48','UUID-1111-1111111','2018-07-24 15:05:48'),
('49252970b6cc4230b3ffa43c78dd448b','10e027ef021e41a79186c864847ff4c5','image/jpeg','mont_parcduMontRoyal.jpg','20187243812_mont_parcduMontRoyal.jpg','C:\\spring-tool-suite-3.9.3.RELEASE-e4.7.3-win32-x86_64\\sts-bundle\\pivotal-tc-server-developer-3.2.9.RELEASE\\skys\\wtpwebapps\\SkySearch\\resources\\uploads\\20187243812_mont_parcduMontRoyal.jpg',130159,'UUID-1111-1111111','2018-07-24 15:04:52','UUID-1111-1111111','2018-07-24 15:04:52'),
('499e8f34fca64fbea55fa16617cdc613','TR0021','image/jpeg','deseldorf_altstadt.jpg','20187243338_deseldorf_altstadt.jpg','C:\\sts-bundle\\pivotal-tc-server-developer-3.2.9.RELEASE\\Final_SkySearch\\wtpwebapps\\SkySearch\\resources\\uploads\\20187243338_deseldorf_altstadt.jpg',54841,'UUID-1111-1111111','2018-07-24 15:00:49','UUID-1111-1111111','2018-07-24 15:00:49'),
('4b6591c9556243028c1fe1a3e6a5ceb3','463e6d5da6554380ac27e55d37bfa11b','image/jpeg','kankoon_MUSA.jpg','201872424320_kankoon_MUSA.jpg','C:\\sts-bundle\\pivotal-tc-server-developer-3.2.9.RELEASE\\skysearch\\wtpwebapps\\SkySearch\\resources\\uploads\\201872424320_kankoon_MUSA.jpg',90230,'UUID-1111-1111111','2018-07-24 14:43:20','UUID-1111-1111111','2018-07-24 14:43:20'),
('4ea4a619ca594a299fccf55c42aebab5','CI0025','image/jpeg','London.jpg','20187242613_London.jpg','C:\\Users\\student\\Desktop\\SpringFramework\\spring-tool-suite-3.9.3.RELEASE-e4.7.3-win32-x86_64\\sts-bundle\\pivotal-tc-server-developer-3.2.9.RELEASE\\SkySearchServer\\wtpwebapps\\SkySearch\\resources\\uploads\\20187242613_London.jpg',105740,'UUID-1111-1111111','2018-07-24 14:03:34','UUID-1111-1111111','2018-07-24 14:03:34'),
('4f4922ae7f6c46cf97afd5269a8a35ba','e7f1dfc49a0a49d489680f5d381d51fe','image/jpeg','beijing_greatwall.jpg','201872421515_beijing_greatwall.jpg','C:\\SpringFramework\\spring-tool-suite-3.9.3.RELEASE-e4.7.3-win32-x86_64\\sts-bundle\\pivotal-tc-server-developer-3.2.9.RELEASE\\project\\wtpwebapps\\SkySearch\\resources\\uploads\\201872421515_beijing_greatwall.jpg',229095,'UUID-1111-1111111','2018-07-24 14:11:47','UUID-1111-1111111','2018-07-24 14:11:47'),
('5002f3bee05143d5884727834ecde2d0','3d221a952dc44c28ae6bec56c06b5f7e','image/jpeg','hochimin_war.jpg','201872421217_hochimin_war.jpg','C:\\sts-bundle\\pivotal-tc-server-developer-3.2.9.RELEASE\\skysearch1\\wtpwebapps\\SkySearch\\resources\\uploads\\201872421217_hochimin_war.jpg',6947,'UUID-1111-1111111','2018-07-24 14:09:52','UUID-1111-1111111','2018-07-24 14:09:52'),
('5045ecf162f24df18db9eb22d98c9174','TR0019','image/jpeg','frankfurt_romer.jpg','20187242167_frankfurt_romer.jpg','C:\\sts-bundle\\pivotal-tc-server-developer-3.2.9.RELEASE\\skysearch1\\wtpwebapps\\SkySearch\\resources\\uploads\\20187242167_frankfurt_romer.jpg',111160,'UUID-1111-1111111','2018-07-24 14:13:42','UUID-1111-1111111','2018-07-24 14:13:42'),
('50e6504d4c684f9888b03b9e4185f895','d9f07b4f7aa14f3baa75c4d868132168','image/jpeg','newyork_empire.jpg','201872424310_newyork_empire.jpg','C:\\sts-bundle\\pivotal-tc-server-developer-3.2.9.RELEASE\\Final_SkySearch\\wtpwebapps\\SkySearch\\resources\\uploads\\201872424310_newyork_empire.jpg',24376,'UUID-1111-1111111','2018-07-24 14:40:21','UUID-1111-1111111','2018-07-24 14:40:21'),
('513793ed151841a198ba7466b2ba2199','a9f372dc1c794626b10e7f1b6082c0fb','image/jpeg','edinburgh_Calton Hill.jpg','201872424235_edinburgh_Calton Hill.jpg','C:\\SpringFramework\\spring-tool-suite-3.9.3.RELEASE-e4.7.3-win32-x86_64\\sts-bundle\\pivotal-tc-server-developer-3.2.9.RELEASE\\project\\wtpwebapps\\SkySearch\\resources\\uploads\\201872424235_edinburgh_Calton Hill.jpg',174132,'UUID-1111-1111111','2018-07-24 14:39:08','UUID-1111-1111111','2018-07-24 14:39:08'),
('54ce54f1de5b47bf942b2904aafd61ec','647bdee9282e4c6db1cef7409e24eb27','image/jpeg','phuket_kotapu.jpg','201872421827_phuket_kotapu.jpg','C:\\sts-bundle\\pivotal-tc-server-developer-3.2.9.RELEASE\\skysearch1\\wtpwebapps\\SkySearch\\resources\\uploads\\201872421827_phuket_kotapu.jpg',7259,'UUID-1111-1111111','2018-07-24 14:16:02','UUID-1111-1111111','2018-07-24 14:16:02'),
('556a7c9d083446ffab64cba3182a9aa7','17ef8e17bda042d99e77193b3b095c15','image/jpeg','bangkok_Grand Palace.jpg','20187243168_bangkok_Grand Palace.jpg','C:\\spring-tool-suite-3.9.3.RELEASE-e4.7.3-win32-x86_64\\sts-bundle\\pivotal-tc-server-developer-3.2.9.RELEASE\\skys\\wtpwebapps\\SkySearch\\resources\\uploads\\20187243168_bangkok_Grand Palace.jpg',74550,'UUID-1111-1111111','2018-07-24 15:12:48','UUID-1111-1111111','2018-07-24 15:12:48'),
('56a1848ff573478c897af9e2a33909f5','020fda3a4a774d5bbdd9cc2e9e315063','image/jpeg','ockland_zoo.jpg','201872423430_ockland_zoo.jpg','C:\\sts-bundle\\pivotal-tc-server-developer-3.2.9.RELEASE\\skysearch\\wtpwebapps\\SkySearch\\resources\\uploads\\201872423430_ockland_zoo.jpg',107147,'UUID-1111-1111111','2018-07-24 14:34:30','UUID-1111-1111111','2018-07-24 14:34:30'),
('5afbdbd4ca3c48d2b9b5270603eabf2a','6f88ce62008e4f188fa423512f616da9','image/jpeg','danang_chanzogak.jpg','201872424929_danang_chanzogak.jpg','C:\\sts-bundle\\pivotal-tc-server-developer-3.2.9.RELEASE\\Final_SkySearch\\wtpwebapps\\SkySearch\\resources\\uploads\\201872424929_danang_chanzogak.jpg',87771,'UUID-1111-1111111','2018-07-24 14:46:41','UUID-1111-1111111','2018-07-24 14:46:41'),
('616137158e454d559e8141fa2c2f2bb9','CI0008','image/jpeg','Kaohsiung.jpg','20187242438_Kaohsiung.jpg','C:\\Users\\student\\Desktop\\SpringFramework\\spring-tool-suite-3.9.3.RELEASE-e4.7.3-win32-x86_64\\sts-bundle\\pivotal-tc-server-developer-3.2.9.RELEASE\\SkySearchServer\\wtpwebapps\\SkySearch\\resources\\uploads\\20187242438_Kaohsiung.jpg',4445258,'UUID-1111-1111111','2018-07-24 14:01:59','UUID-1111-1111111','2018-07-24 14:01:59'),
('65e3da704b61431fb9c7d9172441b7e7','0e914dc6008946daa34fea212502a970','image/jpeg','deseldorf_hofgarten.jpg','20187243046_deseldorf_hofgarten.jpg','C:\\sts-bundle\\pivotal-tc-server-developer-3.2.9.RELEASE\\Final_SkySearch\\wtpwebapps\\SkySearch\\resources\\uploads\\20187243046_deseldorf_hofgarten.jpg',35969,'UUID-1111-1111111','2018-07-24 14:57:57','UUID-1111-1111111','2018-07-24 14:57:57'),
('675beb15f56c49428748db6cf77abf64','fb6e144f8ec241b6a89ce9c68e8b5f0b','image/jpeg','kankoon_Malecon.jpg','201872423323_kankoon_Malecon.jpg','C:\\sts-bundle\\pivotal-tc-server-developer-3.2.9.RELEASE\\skysearch\\wtpwebapps\\SkySearch\\resources\\uploads\\201872423323_kankoon_Malecon.jpg',88382,'UUID-1111-1111111','2018-07-24 14:33:23','UUID-1111-1111111','2018-07-24 14:33:23'),
('6acf436de1bf41d295dffea0bbb64f72','9803c5fcfd094169b749c400181d049f','image/jpeg','brazilia_thirdbridge.jpg','201872422147_brazilia_thirdbridge.jpg','C:\\SpringFramework\\spring-tool-suite-3.9.3.RELEASE-e4.7.3-win32-x86_64\\sts-bundle\\pivotal-tc-server-developer-3.2.9.RELEASE\\project\\wtpwebapps\\SkySearch\\resources\\uploads\\201872422147_brazilia_thirdbridge.jpg',190593,'UUID-1111-1111111','2018-07-24 14:18:20','UUID-1111-1111111','2018-07-24 14:18:20'),
('6aea9b14bb024e7ca295c1057207f1d1','c3d4e3fdc5094477969eed19caf0c288','image/jpeg','curitiba_boranicalGarden.jpg','201872424651_curitiba_boranicalGarden.jpg','C:\\sts-bundle\\pivotal-tc-server-developer-3.2.9.RELEASE\\skysearch\\wtpwebapps\\SkySearch\\resources\\uploads\\201872424651_curitiba_boranicalGarden.jpg',10162,'UUID-1111-1111111','2018-07-24 14:46:51','UUID-1111-1111111','2018-07-24 14:46:51'),
('6b80db317cc74996b5302100978b8686','CI0019','image/jpeg','Frankfurt.jpg','20187242162_Frankfurt.jpg','C:\\Users\\student\\Desktop\\SpringFramework\\spring-tool-suite-3.9.3.RELEASE-e4.7.3-win32-x86_64\\sts-bundle\\pivotal-tc-server-developer-3.2.9.RELEASE\\SkySearchServer\\wtpwebapps\\SkySearch\\resources\\uploads\\20187242162_Frankfurt.jpg',154192,'UUID-1111-1111111','2018-07-24 14:13:22','UUID-1111-1111111','2018-07-24 14:13:22'),
('6bd99e8434934be0856874587de07ffe','TR0022','image/jpeg','paris_eiffel.jpg','201872422056_paris_eiffel.jpg','C:\\sts-bundle\\pivotal-tc-server-developer-3.2.9.RELEASE\\skysearch1\\wtpwebapps\\SkySearch\\resources\\uploads\\201872422056_paris_eiffel.jpg',6511,'UUID-1111-1111111','2018-07-24 14:18:32','UUID-1111-1111111','2018-07-24 14:18:32'),
('6c23319667e249758629df8ca958ee0d','4ba837342d2c4c67aa84db9aced558ee','image/jpeg','rundon_rundontop.jpg','20187243636_rundon_rundontop.jpg','C:\\sts-bundle\\pivotal-tc-server-developer-3.2.9.RELEASE\\Final_SkySearch\\wtpwebapps\\SkySearch\\resources\\uploads\\20187243636_rundon_rundontop.jpg',24437,'UUID-1111-1111111','2018-07-24 15:03:47','UUID-1111-1111111','2018-07-24 15:03:47'),
('6e6ba3cd76ab47908f98e9b16a8aa6aa','TR0034','image/jpeg','vancouver_StanleyPark.jpg','201872421017_vancouver_StanleyPark.jpg','C:\\SpringFramework\\spring-tool-suite-3.9.3.RELEASE-e4.7.3-win32-x86_64\\sts-bundle\\pivotal-tc-server-developer-3.2.9.RELEASE\\project\\wtpwebapps\\SkySearch\\resources\\uploads\\201872421017_vancouver_StanleyPark.jpg',278226,'UUID-1111-1111111','2018-07-24 14:06:50','UUID-1111-1111111','2018-07-24 14:06:50'),
('701a9f1c2c3a4f23822a6a1b29b443b3','TR0042','image/jpeg','theniden_ranah.jpg','20187242534_theniden_ranah.jpg','C:\\sts-bundle\\pivotal-tc-server-developer-3.2.9.RELEASE\\Final_SkySearch\\wtpwebapps\\SkySearch\\resources\\uploads\\20187242534_theniden_ranah.jpg',57400,'UUID-1111-1111111','2018-07-24 14:50:16','UUID-1111-1111111','2018-07-24 14:50:16'),
('713cf7e689204dc6b8f10c31ac04c542','9d91a86f05ac4d7cb7e5005177366d13','image/jpeg','qingdao_beer.jpg','201872423555_qingdao_beer.jpg','C:\\sts-bundle\\pivotal-tc-server-developer-3.2.9.RELEASE\\skysearch\\wtpwebapps\\SkySearch\\resources\\uploads\\201872423555_qingdao_beer.jpg',229417,'UUID-1111-1111111','2018-07-24 14:35:55','UUID-1111-1111111','2018-07-24 14:35:55'),
('72e2066483754a54985b83c39a7b56ca','TR0031','image/jpeg','newyork_freequeen.jpg','20187242448_newyork_freequeen.jpg','C:\\sts-bundle\\pivotal-tc-server-developer-3.2.9.RELEASE\\Final_SkySearch\\wtpwebapps\\SkySearch\\resources\\uploads\\20187242448_newyork_freequeen.jpg',130711,'UUID-1111-1111111','2018-07-24 14:41:19','UUID-1111-1111111','2018-07-24 14:41:19'),
('73947456c2f64c37b20f7ffdd032c086','46f6b41b03f9412eb8cc23bddc4f46bf','image/jpeg','toronto_cntower.jpg','20187242346_toronto_cntower.jpg','C:\\sts-bundle\\pivotal-tc-server-developer-3.2.9.RELEASE\\skysearch1\\wtpwebapps\\SkySearch\\resources\\uploads\\20187242346_toronto_cntower.jpg',8037,'UUID-1111-1111111','2018-07-24 14:01:21','UUID-1111-1111111','2018-07-24 14:01:21'),
('7443c06b8f7e4b02acb85e00f7290b1b','CI0036','image/jpeg','Montréal.jpg','20187242745_Montréal.jpg','C:\\Users\\student\\Desktop\\SpringFramework\\spring-tool-suite-3.9.3.RELEASE-e4.7.3-win32-x86_64\\sts-bundle\\pivotal-tc-server-developer-3.2.9.RELEASE\\SkySearchServer\\wtpwebapps\\SkySearch\\resources\\uploads\\20187242745_Montréal.jpg',132907,'UUID-1111-1111111','2018-07-24 14:05:06','UUID-1111-1111111','2018-07-24 14:05:06'),
('75488cf9e6464d59b52eba93b4e208d4','TR0032','image/jpeg','san francisco_fishermans-wharf.jpg','2018724295_san francisco_fishermans-wharf.jpg','C:\\SpringFramework\\spring-tool-suite-3.9.3.RELEASE-e4.7.3-win32-x86_64\\sts-bundle\\pivotal-tc-server-developer-3.2.9.RELEASE\\project\\wtpwebapps\\SkySearch\\resources\\uploads\\2018724295_san francisco_fishermans-wharf.jpg',179281,'UUID-1111-1111111','2018-07-24 14:05:38','UUID-1111-1111111','2018-07-24 14:05:38'),
('7741677883e74c81acfe8f841664f1d7','2e16ee55321a4447a3459db30d019760','image/jpeg','merida_Zocalo.jpeg','20187243215_merida_Zocalo.jpeg','C:\\spring-tool-suite-3.9.3.RELEASE-e4.7.3-win32-x86_64\\sts-bundle\\pivotal-tc-server-developer-3.2.9.RELEASE\\skys\\wtpwebapps\\SkySearch\\resources\\uploads\\20187243215_merida_Zocalo.jpeg',489366,'UUID-1111-1111111','2018-07-24 14:58:55','UUID-1111-1111111','2018-07-24 14:58:55'),
('779483e22cf34517b0aa8372fa738c34','553457a44b7f4b0489493e051bac7c10','image/jpeg','chiangmai_watphra.jpg','201872423639_chiangmai_watphra.jpg','C:\\sts-bundle\\pivotal-tc-server-developer-3.2.9.RELEASE\\skysearch\\wtpwebapps\\SkySearch\\resources\\uploads\\201872423639_chiangmai_watphra.jpg',54713,'UUID-1111-1111111','2018-07-24 14:36:39','UUID-1111-1111111','2018-07-24 14:36:39'),
('7b60a132d9c34923856417e8ac3bc079','c08ac3aa34ee4537b130c30741576cdf','image/jpeg','lyon_vieuxLyon.jpg','201872424738_lyon_vieuxLyon.jpg','C:\\spring-tool-suite-3.9.3.RELEASE-e4.7.3-win32-x86_64\\sts-bundle\\pivotal-tc-server-developer-3.2.9.RELEASE\\skys\\wtpwebapps\\SkySearch\\resources\\uploads\\201872424738_lyon_vieuxLyon.jpg',40150,'UUID-1111-1111111','2018-07-24 14:44:18','UUID-1111-1111111','2018-07-24 14:44:18'),
('8102b69c61244480a8bd4bfe158b2625','f70f254ae2b84fa89965eac77ef696fd','image/jpeg','Aswan_Philae_Temple.jpg','201872423530_Aswan_Philae_Temple.jpg','C:\\SpringFramework\\spring-tool-suite-3.9.3.RELEASE-e4.7.3-win32-x86_64\\sts-bundle\\pivotal-tc-server-developer-3.2.9.RELEASE\\project\\wtpwebapps\\SkySearch\\resources\\uploads\\201872423530_Aswan_Philae_Temple.jpg',325180,'UUID-1111-1111111','2018-07-24 14:32:03','UUID-1111-1111111','2018-07-24 14:32:03'),
('815f0086a2214acfb7a28ad15ec7a672','d73e449da8cc445c99a0f7dbed553029','image/jpeg','paris_disney.jpg','201872422149_paris_disney.jpg','C:\\sts-bundle\\pivotal-tc-server-developer-3.2.9.RELEASE\\skysearch1\\wtpwebapps\\SkySearch\\resources\\uploads\\201872422149_paris_disney.jpg',8569,'UUID-1111-1111111','2018-07-24 14:19:24','UUID-1111-1111111','2018-07-24 14:19:24'),
('8218d8b6b2414702abd268a1ac2e3221','1ee419cd774846719d56b1ececcb0abc','image/jpeg','newyork_centroll.jpg','201872424229_newyork_centroll.jpg','C:\\sts-bundle\\pivotal-tc-server-developer-3.2.9.RELEASE\\Final_SkySearch\\wtpwebapps\\SkySearch\\resources\\uploads\\201872424229_newyork_centroll.jpg',193815,'UUID-1111-1111111','2018-07-24 14:39:41','UUID-1111-1111111','2018-07-24 14:39:41'),
('827b58065ffd42ef9369e022d97a6615','CI0015','image/jpeg','Clarkfield.jpg','201872421417_Clarkfield.jpg','C:\\Users\\student\\Desktop\\SpringFramework\\spring-tool-suite-3.9.3.RELEASE-e4.7.3-win32-x86_64\\sts-bundle\\pivotal-tc-server-developer-3.2.9.RELEASE\\SkySearchServer\\wtpwebapps\\SkySearch\\resources\\uploads\\201872421417_Clarkfield.jpg',58701,'UUID-1111-1111111','2018-07-24 14:11:38','UUID-1111-1111111','2018-07-24 14:11:38'),
('85298de1fe3f42c9a69086fd9133a58a','TR0008','image/jpeg','gaoshung_riuheo.jpg','20187242307_gaoshung_riuheo.jpg','C:\\sts-bundle\\pivotal-tc-server-developer-3.2.9.RELEASE\\Final_SkySearch\\wtpwebapps\\SkySearch\\resources\\uploads\\20187242307_gaoshung_riuheo.jpg',42377,'UUID-1111-1111111','2018-07-24 14:27:19','UUID-1111-1111111','2018-07-24 14:27:19'),
('8678197660914658b04f3285bee2e891','0c397798c77f4225a01d531e47e6e19b','image/jpeg','manchester_theWheelofManchester.jpg','201872425514_manchester_theWheelofManchester.jpg','C:\\spring-tool-suite-3.9.3.RELEASE-e4.7.3-win32-x86_64\\sts-bundle\\pivotal-tc-server-developer-3.2.9.RELEASE\\skys\\wtpwebapps\\SkySearch\\resources\\uploads\\201872425514_manchester_theWheelofManchester.jpg',124180,'UUID-1111-1111111','2018-07-24 14:51:54','UUID-1111-1111111','2018-07-24 14:51:54'),
('87103d270b9f488191e858b82d120859','TR0016','image/jpeg','hochimin_ccucci.jpg','20187242552_hochimin_ccucci.jpg','C:\\sts-bundle\\pivotal-tc-server-developer-3.2.9.RELEASE\\skysearch1\\wtpwebapps\\SkySearch\\resources\\uploads\\20187242552_hochimin_ccucci.jpg',16812,'UUID-1111-1111111','2018-07-24 14:03:27','UUID-1111-1111111','2018-07-24 14:03:27'),
('87c01e3b216b4b079c0f91b4e9d8138c','TR0006','image/jpeg','qingdao_rushinpark.jpg','201872423545_qingdao_rushinpark.jpg','C:\\sts-bundle\\pivotal-tc-server-developer-3.2.9.RELEASE\\skysearch\\wtpwebapps\\SkySearch\\resources\\uploads\\201872423545_qingdao_rushinpark.jpg',13144,'UUID-1111-1111111','2018-07-24 14:35:45','UUID-1111-1111111','2018-07-24 14:35:45'),
('89d40f7b873b40b4954514ea65b5d030','99ac340cd02547bd99ac213befbad6ea','image/jpeg','qingdao_may.jpg','201872423535_qingdao_may.jpg','C:\\sts-bundle\\pivotal-tc-server-developer-3.2.9.RELEASE\\skysearch\\wtpwebapps\\SkySearch\\resources\\uploads\\201872423535_qingdao_may.jpg',27354,'UUID-1111-1111111','2018-07-24 14:35:35','UUID-1111-1111111','2018-07-24 14:35:35'),
('8c708cb428104babad679e3076669b0d','44f423bb1a474bc7a704c5213d740417','image/jpeg','rundon_rundoni.jpg','20187243555_rundon_rundoni.jpg','C:\\sts-bundle\\pivotal-tc-server-developer-3.2.9.RELEASE\\Final_SkySearch\\wtpwebapps\\SkySearch\\resources\\uploads\\20187243555_rundon_rundoni.jpg',76198,'UUID-1111-1111111','2018-07-24 15:03:07','UUID-1111-1111111','2018-07-24 15:03:07'),
('8eb415be047a4bc995adfe6d7d4552f3','CI0009','image/jpeg','Taoyuan.jpg','201872421431_Taoyuan.jpg','C:\\Users\\student\\Desktop\\SpringFramework\\spring-tool-suite-3.9.3.RELEASE-e4.7.3-win32-x86_64\\sts-bundle\\pivotal-tc-server-developer-3.2.9.RELEASE\\SkySearchServer\\wtpwebapps\\SkySearch\\resources\\uploads\\201872421431_Taoyuan.jpg',136102,'UUID-1111-1111111','2018-07-24 14:11:52','UUID-1111-1111111','2018-07-24 14:11:52'),
('8f02987306784544931a398a5e85317e','CI0013','image/jpeg','Manila.jpg','20187242653_Manila.jpg','C:\\Users\\student\\Desktop\\SpringFramework\\spring-tool-suite-3.9.3.RELEASE-e4.7.3-win32-x86_64\\sts-bundle\\pivotal-tc-server-developer-3.2.9.RELEASE\\SkySearchServer\\wtpwebapps\\SkySearch\\resources\\uploads\\20187242653_Manila.jpg',231826,'UUID-1111-1111111','2018-07-24 14:04:14','UUID-1111-1111111','2018-07-24 14:04:14'),
('8f852b09d79c4712bac88b57f160f8c0','8b26a2d91bc84e6ab3cf3fb66098d097','image/jpeg','danang_misun.jpg','201872425010_danang_misun.jpg','C:\\sts-bundle\\pivotal-tc-server-developer-3.2.9.RELEASE\\Final_SkySearch\\wtpwebapps\\SkySearch\\resources\\uploads\\201872425010_danang_misun.jpg',51805,'UUID-1111-1111111','2018-07-24 14:47:22','UUID-1111-1111111','2018-07-24 14:47:22'),
('9245ea36464e4df58d157eafe87bc40a','4ef246fc452246618cd2170183474aac','image/jpeg','taipei_101tower.jpg','201872422449_taipei_101tower.jpg','C:\\sts-bundle\\pivotal-tc-server-developer-3.2.9.RELEASE\\skysearch1\\wtpwebapps\\SkySearch\\resources\\uploads\\201872422449_taipei_101tower.jpg',7886,'UUID-1111-1111111','2018-07-24 14:22:24','UUID-1111-1111111','2018-07-24 14:22:24'),
('966569cd7821411880f633b1d8cb578c','97cce749150941a89644b32d41641fa5','image/jpeg','osaka_dotonbori.jpg','201872423335_osaka_dotonbori.jpg','C:\\sts-bundle\\pivotal-tc-server-developer-3.2.9.RELEASE\\skysearch\\wtpwebapps\\SkySearch\\resources\\uploads\\201872423335_osaka_dotonbori.jpg',44816,'UUID-1111-1111111','2018-07-24 14:33:35','UUID-1111-1111111','2018-07-24 14:33:35'),
('96e45190482240ae9d01c4c5b5efe3e8','TR0004','image/jpeg','beijing_tenanmun.jpg','20187242103_beijing_tenanmun.jpg','C:\\SpringFramework\\spring-tool-suite-3.9.3.RELEASE-e4.7.3-win32-x86_64\\sts-bundle\\pivotal-tc-server-developer-3.2.9.RELEASE\\project\\wtpwebapps\\SkySearch\\resources\\uploads\\20187242103_beijing_tenanmun.jpg',39450,'UUID-1111-1111111','2018-07-24 14:06:35','UUID-1111-1111111','2018-07-24 14:06:35'),
('97c45cd454d94214b3b4c72e25351fd9','99a5b6f28b97459eb8e6bde421bdd8bd','image/jpeg','taowean_xiaowulai.jpg','201872422746_taowean_xiaowulai.jpg','C:\\sts-bundle\\pivotal-tc-server-developer-3.2.9.RELEASE\\skysearch1\\wtpwebapps\\SkySearch\\resources\\uploads\\201872422746_taowean_xiaowulai.jpg',11414,'UUID-1111-1111111','2018-07-24 14:25:22','UUID-1111-1111111','2018-07-24 14:25:22'),
('980956134e1d4c6794ab8545de7530eb','e34ca51f9a0f45d788b334f438b57248','image/jpeg','cebu_Basilica_del_Santo_Nino.jpg','201872423157_cebu_Basilica_del_Santo_Nino.jpg','C:\\SpringFramework\\spring-tool-suite-3.9.3.RELEASE-e4.7.3-win32-x86_64\\sts-bundle\\pivotal-tc-server-developer-3.2.9.RELEASE\\project\\wtpwebapps\\SkySearch\\resources\\uploads\\201872423157_cebu_Basilica_del_Santo_Nino.jpg',1827374,'UUID-1111-1111111','2018-07-24 14:28:30','UUID-1111-1111111','2018-07-24 14:28:30'),
('9862d871fad448afbcdbbe96307f8d36','TR0015','image/jpeg','clarkfield_sm.jpg','201872425640_clarkfield_sm.jpg','C:\\sts-bundle\\pivotal-tc-server-developer-3.2.9.RELEASE\\skysearch\\wtpwebapps\\SkySearch\\resources\\uploads\\201872425640_clarkfield_sm.jpg',18334,'UUID-1111-1111111','2018-07-24 14:56:40','UUID-1111-1111111','2018-07-24 14:56:40'),
('9a39d50b408849daae5d8df62a5f4cbb','c948cf1114bc48afbc4554f4103824ec','image/jpeg','Frankfurt_SkylinePlaza.jpg','201872421555_Frankfurt_SkylinePlaza.jpg','C:\\sts-bundle\\pivotal-tc-server-developer-3.2.9.RELEASE\\skysearch1\\wtpwebapps\\SkySearch\\resources\\uploads\\201872421555_Frankfurt_SkylinePlaza.jpg',3939791,'UUID-1111-1111111','2018-07-24 14:13:30','UUID-1111-1111111','2018-07-24 14:13:30'),
('9ad093cf9a404e0fad693d79c7c0ff09','CI0030','image/jpeg','Mérida.jpg','20187242721_Mérida.jpg','C:\\Users\\student\\Desktop\\SpringFramework\\spring-tool-suite-3.9.3.RELEASE-e4.7.3-win32-x86_64\\sts-bundle\\pivotal-tc-server-developer-3.2.9.RELEASE\\SkySearchServer\\wtpwebapps\\SkySearch\\resources\\uploads\\20187242721_Mérida.jpg',218981,'UUID-1111-1111111','2018-07-24 14:04:41','UUID-1111-1111111','2018-07-24 14:04:41'),
('9b477dff16db4bbdb07a912b1b4ecb67','CI0031','image/jpeg','Newyork.jpg','2018724250_Newyork.jpg','C:\\Users\\student\\Desktop\\SpringFramework\\spring-tool-suite-3.9.3.RELEASE-e4.7.3-win32-x86_64\\sts-bundle\\pivotal-tc-server-developer-3.2.9.RELEASE\\SkySearchServer\\wtpwebapps\\SkySearch\\resources\\uploads\\2018724250_Newyork.jpg',222024,'UUID-1111-1111111','2018-07-24 14:02:21','UUID-1111-1111111','2018-07-24 14:02:21'),
('9c8e12f1ca4d4549a5d6ef613b4782a5','5b2f7e36933a436db3de729bf88c05b0','image/jpeg','manila_bayWalk.jpg','201872425150_manila_bayWalk.jpg','C:\\spring-tool-suite-3.9.3.RELEASE-e4.7.3-win32-x86_64\\sts-bundle\\pivotal-tc-server-developer-3.2.9.RELEASE\\skys\\wtpwebapps\\SkySearch\\resources\\uploads\\201872425150_manila_bayWalk.jpg',28643,'UUID-1111-1111111','2018-07-24 14:48:31','UUID-1111-1111111','2018-07-24 14:48:31'),
('a00d615b889c400db12503ab9551351a','TR0001','image/jpeg','tokyo_skytree.jpg','20187243850_tokyo_skytree.jpg','C:\\sts-bundle\\pivotal-tc-server-developer-3.2.9.RELEASE\\Final_SkySearch\\wtpwebapps\\SkySearch\\resources\\uploads\\20187243850_tokyo_skytree.jpg',90865,'UUID-1111-1111111','2018-07-24 15:06:02','UUID-1111-1111111','2018-07-24 15:06:02'),
('a02ec4e01f254a31afe43963a901a3c5','TR0043','image/jpeg','cairo_piramid.jpg','201872423654_cairo_piramid.jpg','C:\\sts-bundle\\pivotal-tc-server-developer-3.2.9.RELEASE\\skysearch\\wtpwebapps\\SkySearch\\resources\\uploads\\201872423654_cairo_piramid.jpg',64735,'UUID-1111-1111111','2018-07-24 14:36:54','UUID-1111-1111111','2018-07-24 14:36:54'),
('a22783a9a6f54ab4b2bf29ed45b0f639','CI0042','image/jpeg','Dunedin.jpg','20187242536_Dunedin.jpg','C:\\Users\\student\\Desktop\\SpringFramework\\spring-tool-suite-3.9.3.RELEASE-e4.7.3-win32-x86_64\\sts-bundle\\pivotal-tc-server-developer-3.2.9.RELEASE\\SkySearchServer\\wtpwebapps\\SkySearch\\resources\\uploads\\20187242536_Dunedin.jpg',271919,'UUID-1111-1111111','2018-07-24 14:02:57','UUID-1111-1111111','2018-07-24 14:02:57'),
('a33e846223a3468a95cc65c770dd6765','CI0034','image/jpeg','Vancouver.jpg','20187242919_Vancouver.jpg','C:\\Users\\student\\Desktop\\SpringFramework\\spring-tool-suite-3.9.3.RELEASE-e4.7.3-win32-x86_64\\sts-bundle\\pivotal-tc-server-developer-3.2.9.RELEASE\\SkySearchServer\\wtpwebapps\\SkySearch\\resources\\uploads\\20187242919_Vancouver.jpg',199262,'UUID-1111-1111111','2018-07-24 14:06:40','UUID-1111-1111111','2018-07-24 14:06:40'),
('a353c022569346aba2b1d18860d5a2d8','0a11f80f743d4f3489888a48372fc96d','image/jpeg','mont_Vieux-Port de Montréal Old Port of Montreal.jpg','20187243939_mont_Vieux-Port de Montréal Old Port of Montreal.jpg','C:\\spring-tool-suite-3.9.3.RELEASE-e4.7.3-win32-x86_64\\sts-bundle\\pivotal-tc-server-developer-3.2.9.RELEASE\\skys\\wtpwebapps\\SkySearch\\resources\\uploads\\20187243939_mont_Vieux-Port de Montréal Old Port of Montreal.jpg',118200,'UUID-1111-1111111','2018-07-24 15:06:20','UUID-1111-1111111','2018-07-24 15:06:20'),
('a42006d319f54ef5a9deabcbe65da0c5','CI0026','image/jpeg','Manchester.jpg','2018724275_Manchester.jpg','C:\\Users\\student\\Desktop\\SpringFramework\\spring-tool-suite-3.9.3.RELEASE-e4.7.3-win32-x86_64\\sts-bundle\\pivotal-tc-server-developer-3.2.9.RELEASE\\SkySearchServer\\wtpwebapps\\SkySearch\\resources\\uploads\\2018724275_Manchester.jpg',268112,'UUID-1111-1111111','2018-07-24 14:04:26','UUID-1111-1111111','2018-07-24 14:04:26'),
('a46283ee5eb042bd9a0138ce105c0b5e','2a8bb536a5f24689ace9a7509d02d8a2','image/jpeg','osaka_osakaCastle.jpg','20187242348_osaka_osakaCastle.jpg','C:\\sts-bundle\\pivotal-tc-server-developer-3.2.9.RELEASE\\skysearch\\wtpwebapps\\SkySearch\\resources\\uploads\\20187242348_osaka_osakaCastle.jpg',24288,'UUID-1111-1111111','2018-07-24 14:34:08','UUID-1111-1111111','2018-07-24 14:34:08'),
('a513958c8e7b4410a2c8feec262c6e34','CI0014','image/jpeg','Cebu.jpg','201872421020_Cebu.jpg','C:\\Users\\student\\Desktop\\SpringFramework\\spring-tool-suite-3.9.3.RELEASE-e4.7.3-win32-x86_64\\sts-bundle\\pivotal-tc-server-developer-3.2.9.RELEASE\\SkySearchServer\\wtpwebapps\\SkySearch\\resources\\uploads\\201872421020_Cebu.jpg',145317,'UUID-1111-1111111','2018-07-24 14:07:41','UUID-1111-1111111','2018-07-24 14:07:41'),
('a6d41749ccf14c7293ef5b6e953062b3','TR0037','image/jpeg','sao-paulo_Museu_de_Arte_de.jpg','20187242932_sao-paulo_Museu_de_Arte_de.jpg','C:\\SpringFramework\\spring-tool-suite-3.9.3.RELEASE-e4.7.3-win32-x86_64\\sts-bundle\\pivotal-tc-server-developer-3.2.9.RELEASE\\project\\wtpwebapps\\SkySearch\\resources\\uploads\\20187242932_sao-paulo_Museu_de_Arte_de.jpg',3714875,'UUID-1111-1111111','2018-07-24 14:06:05','UUID-1111-1111111','2018-07-24 14:06:05'),
('a7958ea1330e46dabb4a3b08e5237061','01efba7586e0486993908a3cc3eb50e3','image/jpeg','München_Marienplatz.jpg','20187243122_München_Marienplatz.jpg','C:\\spring-tool-suite-3.9.3.RELEASE-e4.7.3-win32-x86_64\\sts-bundle\\pivotal-tc-server-developer-3.2.9.RELEASE\\skys\\wtpwebapps\\SkySearch\\resources\\uploads\\20187243122_München_Marienplatz.jpg',35938,'UUID-1111-1111111','2018-07-24 15:08:42','UUID-1111-1111111','2018-07-24 15:08:42'),
('a94bf434ac7547c493e1a7589f2518cd','CI0018','image/jpeg','DaNang.JPG','20187242525_DaNang.JPG','C:\\Users\\student\\Desktop\\SpringFramework\\spring-tool-suite-3.9.3.RELEASE-e4.7.3-win32-x86_64\\sts-bundle\\pivotal-tc-server-developer-3.2.9.RELEASE\\SkySearchServer\\wtpwebapps\\SkySearch\\resources\\uploads\\20187242525_DaNang.JPG',8852834,'UUID-1111-1111111','2018-07-24 14:02:45','UUID-1111-1111111','2018-07-24 14:02:45'),
('ac2985b8952d40a7945436cfaa13f67f','TR0041','image/jpeg','wellington_zealandia.jpg','201872423520_wellington_zealandia.jpg','C:\\sts-bundle\\pivotal-tc-server-developer-3.2.9.RELEASE\\skysearch\\wtpwebapps\\SkySearch\\resources\\uploads\\201872423520_wellington_zealandia.jpg',51963,'UUID-1111-1111111','2018-07-24 14:35:20','UUID-1111-1111111','2018-07-24 14:35:20'),
('b0db84d417a149538f96939584ca80e0','TR0005','image/jpeg','gangjeowoo_tawor.jpg','20187242408_gangjeowoo_tawor.jpg','C:\\sts-bundle\\pivotal-tc-server-developer-3.2.9.RELEASE\\Final_SkySearch\\wtpwebapps\\SkySearch\\resources\\uploads\\20187242408_gangjeowoo_tawor.jpg',33771,'UUID-1111-1111111','2018-07-24 14:36:06','UUID-1111-1111111','2018-07-24 14:37:20'),
('b100390308ba451992c7008d229eb314','CI0045','image/jpeg','Aswan.jpg','201872421033_Aswan.jpg','C:\\Users\\student\\Desktop\\SpringFramework\\spring-tool-suite-3.9.3.RELEASE-e4.7.3-win32-x86_64\\sts-bundle\\pivotal-tc-server-developer-3.2.9.RELEASE\\SkySearchServer\\wtpwebapps\\SkySearch\\resources\\uploads\\201872421033_Aswan.jpg',100804,'UUID-1111-1111111','2018-07-24 14:07:54','UUID-1111-1111111','2018-07-24 14:07:54'),
('b508a1ae601e4bc386e770fa26a5a4d7','53d2b29eb46a4c13aeb2b4f5002a6f3a','image/jpeg','toronto_thompsonhall.jpg','201872422324_toronto_thompsonhall.jpg','C:\\sts-bundle\\pivotal-tc-server-developer-3.2.9.RELEASE\\skysearch1\\wtpwebapps\\SkySearch\\resources\\uploads\\201872422324_toronto_thompsonhall.jpg',9485,'UUID-1111-1111111','2018-07-24 14:20:59','UUID-1111-1111111','2018-07-24 14:20:59'),
('b5bb8453722c4424811e2d7bc2955e6e','afec0c2f8f86420eb52ed775fe3a9c95','image/jpeg','niss_matisse.jpg','201872424618_niss_matisse.jpg','C:\\sts-bundle\\pivotal-tc-server-developer-3.2.9.RELEASE\\Final_SkySearch\\wtpwebapps\\SkySearch\\resources\\uploads\\201872424618_niss_matisse.jpg',56462,'UUID-1111-1111111','2018-07-24 14:43:29','UUID-1111-1111111','2018-07-24 14:43:29'),
('b5fa2f005b3f49e89cf529094b696cb1','b098db3bc9f243d6a14e4dbaee898367','image/jpeg','München_New Town Hall.jpg','20187243114_München_New Town Hall.jpg','C:\\spring-tool-suite-3.9.3.RELEASE-e4.7.3-win32-x86_64\\sts-bundle\\pivotal-tc-server-developer-3.2.9.RELEASE\\skys\\wtpwebapps\\SkySearch\\resources\\uploads\\20187243114_München_New Town Hall.jpg',47194,'UUID-1111-1111111','2018-07-24 15:07:45','UUID-1111-1111111','2018-07-24 15:07:45'),
('b699872b1060468c9a09146783ac9fc0','e85b8a1a9f104ffca445abd1fe375ae5','image/jpeg','hukuoka_castle.jpg','20187242515_hukuoka_castle.jpg','C:\\sts-bundle\\pivotal-tc-server-developer-3.2.9.RELEASE\\skysearch1\\wtpwebapps\\SkySearch\\resources\\uploads\\20187242515_hukuoka_castle.jpg',10484,'UUID-1111-1111111','2018-07-24 14:02:50','UUID-1111-1111111','2018-07-24 14:02:50'),
('b6ad892e7507420787b1089a707321fc','CI0002','image/jpeg','Osaka.jpg','201872421220_Osaka.jpg','C:\\Users\\student\\Desktop\\SpringFramework\\spring-tool-suite-3.9.3.RELEASE-e4.7.3-win32-x86_64\\sts-bundle\\pivotal-tc-server-developer-3.2.9.RELEASE\\SkySearchServer\\wtpwebapps\\SkySearch\\resources\\uploads\\201872421220_Osaka.jpg',226992,'UUID-1111-1111111','2018-07-24 14:09:41','UUID-1111-1111111','2018-07-24 14:09:41'),
('b8f2fe186e18424683f1c9191e58b434','afa3639f9c7d4fa7b00f4b032543c94f','image/jpeg','sao-paulo_Parque_do_Ibirapuera_e_Obelisco.jpg','201872422439_sao-paulo_Parque_do_Ibirapuera_e_Obelisco.jpg','C:\\SpringFramework\\spring-tool-suite-3.9.3.RELEASE-e4.7.3-win32-x86_64\\sts-bundle\\pivotal-tc-server-developer-3.2.9.RELEASE\\project\\wtpwebapps\\SkySearch\\resources\\uploads\\201872422439_sao-paulo_Parque_do_Ibirapuera_e_Obelisco.jpg',58935,'UUID-1111-1111111','2018-07-24 14:21:12','UUID-1111-1111111','2018-07-24 14:21:12'),
('b8fa00a3d6554e19b8891ed54175a294','9f01a83cf8ca406c8dd99eb0b6ca33bd','image/jpeg','curitiba_panoramicTower.jpg','201872424730_curitiba_panoramicTower.jpg','C:\\sts-bundle\\pivotal-tc-server-developer-3.2.9.RELEASE\\skysearch\\wtpwebapps\\SkySearch\\resources\\uploads\\201872424730_curitiba_panoramicTower.jpg',6067,'UUID-1111-1111111','2018-07-24 14:47:30','UUID-1111-1111111','2018-07-24 14:47:30'),
('baaca0db759845f3b314a74a56dc3b58','ee9e3dc22a5441fb99870a931aa2cfe9','image/jpeg','taowean_shimen.jpg','201872422655_taowean_shimen.jpg','C:\\sts-bundle\\pivotal-tc-server-developer-3.2.9.RELEASE\\skysearch1\\wtpwebapps\\SkySearch\\resources\\uploads\\201872422655_taowean_shimen.jpg',7197,'UUID-1111-1111111','2018-07-24 14:24:30','UUID-1111-1111111','2018-07-24 14:24:30'),
('bef726ffa7b94610a9154a45ddece5a6','CI0024','image/jpeg','Lyon.jpg','20187242641_Lyon.jpg','C:\\Users\\student\\Desktop\\SpringFramework\\spring-tool-suite-3.9.3.RELEASE-e4.7.3-win32-x86_64\\sts-bundle\\pivotal-tc-server-developer-3.2.9.RELEASE\\SkySearchServer\\wtpwebapps\\SkySearch\\resources\\uploads\\20187242641_Lyon.jpg',406890,'UUID-1111-1111111','2018-07-24 14:04:02','UUID-1111-1111111','2018-07-24 14:04:02'),
('c03f22a250984f34a382fcaf2d3b7d5c','TR0040','image/jpeg','ockland_skyTower.jpg','201872423440_ockland_skyTower.jpg','C:\\sts-bundle\\pivotal-tc-server-developer-3.2.9.RELEASE\\skysearch\\wtpwebapps\\SkySearch\\resources\\uploads\\201872423440_ockland_skyTower.jpg',118072,'UUID-1111-1111111','2018-07-24 14:34:40','UUID-1111-1111111','2018-07-24 14:34:40'),
('c0f5ac5a8e1c4a5cb5430fd76def16b5','TR0011','image/jpeg','phuket_ppatong.jpg','20187242198_phuket_ppatong.jpg','C:\\sts-bundle\\pivotal-tc-server-developer-3.2.9.RELEASE\\skysearch1\\wtpwebapps\\SkySearch\\resources\\uploads\\20187242198_phuket_ppatong.jpg',7524,'UUID-1111-1111111','2018-07-24 14:16:43','UUID-1111-1111111','2018-07-24 14:16:43'),
('c198cef420854cfb87c921156f148a88','6c75ef0171464275bd267441f4911830','image/jpeg','Aswan_obelisk.jpg','201872423246_Aswan_obelisk.jpg','C:\\SpringFramework\\spring-tool-suite-3.9.3.RELEASE-e4.7.3-win32-x86_64\\sts-bundle\\pivotal-tc-server-developer-3.2.9.RELEASE\\project\\wtpwebapps\\SkySearch\\resources\\uploads\\201872423246_Aswan_obelisk.jpg',373221,'UUID-1111-1111111','2018-07-24 14:29:19','UUID-1111-1111111','2018-07-24 14:29:19'),
('c1a156962a2d45668ad6d8f684000b0f','TR0012','image/jpeg','chiangmai_doisutep.jpg','201872423621_chiangmai_doisutep.jpg','C:\\sts-bundle\\pivotal-tc-server-developer-3.2.9.RELEASE\\skysearch\\wtpwebapps\\SkySearch\\resources\\uploads\\201872423621_chiangmai_doisutep.jpg',317162,'UUID-1111-1111111','2018-07-24 14:36:21','UUID-1111-1111111','2018-07-24 14:36:21'),
('c2fb550765134805a05e98fa76e25a38','CI0033','image/jpeg','Los Angeles.jpg','20187242623_Los Angeles.jpg','C:\\Users\\student\\Desktop\\SpringFramework\\spring-tool-suite-3.9.3.RELEASE-e4.7.3-win32-x86_64\\sts-bundle\\pivotal-tc-server-developer-3.2.9.RELEASE\\SkySearchServer\\wtpwebapps\\SkySearch\\resources\\uploads\\20187242623_Los Angeles.jpg',317590,'UUID-1111-1111111','2018-07-24 14:03:44','UUID-1111-1111111','2018-07-24 14:03:44'),
('c542087ac3c5421da20c7d548e638a66','cd864f71768e4fcb842cc2c5f5927e21','image/jpeg','hochimin_palace.jpg','20187242857_hochimin_palace.jpg','C:\\sts-bundle\\pivotal-tc-server-developer-3.2.9.RELEASE\\skysearch1\\wtpwebapps\\SkySearch\\resources\\uploads\\20187242857_hochimin_palace.jpg',9985,'UUID-1111-1111111','2018-07-24 14:06:32','UUID-1111-1111111','2018-07-24 14:06:32'),
('c58ca397be5c422a8b25848fe26f7d3d','a8407be90b3140e5b0effcb1ac95597f','image/jpeg','merida_cuzamasinkhole.jpg','201872425919_merida_cuzamasinkhole.jpg','C:\\spring-tool-suite-3.9.3.RELEASE-e4.7.3-win32-x86_64\\sts-bundle\\pivotal-tc-server-developer-3.2.9.RELEASE\\skys\\wtpwebapps\\SkySearch\\resources\\uploads\\201872425919_merida_cuzamasinkhole.jpg',32271,'UUID-1111-1111111','2018-07-24 14:56:00','UUID-1111-1111111','2018-07-24 14:56:00'),
('cadec81dadec448d9191a6a622ecfc78','94a14ec24fdb4655a7895961d6d271fb','image/jpeg','lyon_placeBellecour.jpg','201872424825_lyon_placeBellecour.jpg','C:\\spring-tool-suite-3.9.3.RELEASE-e4.7.3-win32-x86_64\\sts-bundle\\pivotal-tc-server-developer-3.2.9.RELEASE\\skys\\wtpwebapps\\SkySearch\\resources\\uploads\\201872424825_lyon_placeBellecour.jpg',32180,'UUID-1111-1111111','2018-07-24 14:45:05','UUID-1111-1111111','2018-07-24 14:45:05'),
('cb2b19aa99a24e62a0a25d6673993fe0','CI0003','image/jpeg','fukuoka.jpg','201872421640_fukuoka.jpg','C:\\Users\\student\\Desktop\\SpringFramework\\spring-tool-suite-3.9.3.RELEASE-e4.7.3-win32-x86_64\\sts-bundle\\pivotal-tc-server-developer-3.2.9.RELEASE\\SkySearchServer\\wtpwebapps\\SkySearch\\resources\\uploads\\201872421640_fukuoka.jpg',347817,'UUID-1111-1111111','2018-07-24 14:14:00','UUID-1111-1111111','2018-07-24 14:14:00'),
('cfe70755c7694688aa9a2001dee2c87e','6c7f1f34309a475395874ea47958e520','image/jpeg','cairo_museum.jpg','20187242375_cairo_museum.jpg','C:\\sts-bundle\\pivotal-tc-server-developer-3.2.9.RELEASE\\skysearch\\wtpwebapps\\SkySearch\\resources\\uploads\\20187242375_cairo_museum.jpg',7696,'UUID-1111-1111111','2018-07-24 14:37:05','UUID-1111-1111111','2018-07-24 14:37:05'),
('d0640b94ad7d48fabd773794a16e0ecf','CI0038','image/jpeg','Curitiba.jpg','20187242144_Curitiba.jpg','C:\\Users\\student\\Desktop\\SpringFramework\\spring-tool-suite-3.9.3.RELEASE-e4.7.3-win32-x86_64\\sts-bundle\\pivotal-tc-server-developer-3.2.9.RELEASE\\SkySearchServer\\wtpwebapps\\SkySearch\\resources\\uploads\\20187242144_Curitiba.jpg',194339,'UUID-1111-1111111','2018-07-24 14:11:25','UUID-1111-1111111','2018-07-24 14:11:25'),
('d0832dd9556343ac9f501b4d967cd708','9d8fa254625049ebb16e60e1bf124746','image/jpeg','theniden_tennelbeach.jpg','201872425432_theniden_tennelbeach.jpg','C:\\sts-bundle\\pivotal-tc-server-developer-3.2.9.RELEASE\\Final_SkySearch\\wtpwebapps\\SkySearch\\resources\\uploads\\201872425432_theniden_tennelbeach.jpg',48641,'UUID-1111-1111111','2018-07-24 14:51:44','UUID-1111-1111111','2018-07-24 14:51:44'),
('d26def5b5e0848f295a7bd4d32096227','CI0028','image/jpeg','Cancun.jpg','201872421352_Cancun.jpg','C:\\Users\\student\\Desktop\\SpringFramework\\spring-tool-suite-3.9.3.RELEASE-e4.7.3-win32-x86_64\\sts-bundle\\pivotal-tc-server-developer-3.2.9.RELEASE\\SkySearchServer\\wtpwebapps\\SkySearch\\resources\\uploads\\201872421352_Cancun.jpg',246313,'UUID-1111-1111111','2018-07-24 14:11:13','UUID-1111-1111111','2018-07-24 14:11:13'),
('d2855945eda94d1ca0bf48497a47b1d5','05d66999a91f4474a9dbdb5da437cdef','image/jpeg','frankfurt_mainzcathedral.jpg','201872421654_frankfurt_mainzcathedral.jpg','C:\\sts-bundle\\pivotal-tc-server-developer-3.2.9.RELEASE\\skysearch1\\wtpwebapps\\SkySearch\\resources\\uploads\\201872421654_frankfurt_mainzcathedral.jpg',160570,'UUID-1111-1111111','2018-07-24 14:14:29','UUID-1111-1111111','2018-07-24 14:14:29'),
('d2dd2abcb37340de965c659fafd5117d','CI0023','image/jpeg','Nice.jpg','20187242512_Nice.jpg','C:\\Users\\student\\Desktop\\SpringFramework\\spring-tool-suite-3.9.3.RELEASE-e4.7.3-win32-x86_64\\sts-bundle\\pivotal-tc-server-developer-3.2.9.RELEASE\\SkySearchServer\\wtpwebapps\\SkySearch\\resources\\uploads\\20187242512_Nice.jpg',1114112,'UUID-1111-1111111','2018-07-24 14:02:33','UUID-1111-1111111','2018-07-24 14:02:33'),
('d415146a37b345a496f1fa93ef08a6e9','622d62e71e924e7dbe00b7f026b20c5d','image/jpeg','taipei_Yeliou.jpg','201872422549_taipei_Yeliou.jpg','C:\\sts-bundle\\pivotal-tc-server-developer-3.2.9.RELEASE\\skysearch1\\wtpwebapps\\SkySearch\\resources\\uploads\\201872422549_taipei_Yeliou.jpg',7149,'UUID-1111-1111111','2018-07-24 14:23:24','UUID-1111-1111111','2018-07-24 14:23:24'),
('d5d466d8861f46508ef3c9e3ac293664','TR0002','image/jpeg','osaka_universal.jpg','201872423415_osaka_universal.jpg','C:\\sts-bundle\\pivotal-tc-server-developer-3.2.9.RELEASE\\skysearch\\wtpwebapps\\SkySearch\\resources\\uploads\\201872423415_osaka_universal.jpg',839377,'UUID-1111-1111111','2018-07-24 14:34:15','UUID-1111-1111111','2018-07-24 14:34:15'),
('d877fa221bac44a190389ea366cef134','TR0035','image/jpeg','toronto_museum.jpg','201872422344_toronto_museum.jpg','C:\\sts-bundle\\pivotal-tc-server-developer-3.2.9.RELEASE\\skysearch1\\wtpwebapps\\SkySearch\\resources\\uploads\\201872422344_toronto_museum.jpg',10092,'UUID-1111-1111111','2018-07-24 14:21:19','UUID-1111-1111111','2018-07-24 14:21:19'),
('d8d97215761a4356860d607ce089358b','36f03dc071f94ec29da2d1fb1bf80ff1','image/jpeg','alexandria_Citadel.jpg','201872423624_alexandria_Citadel.jpg','C:\\SpringFramework\\spring-tool-suite-3.9.3.RELEASE-e4.7.3-win32-x86_64\\sts-bundle\\pivotal-tc-server-developer-3.2.9.RELEASE\\project\\wtpwebapps\\SkySearch\\resources\\uploads\\201872423624_alexandria_Citadel.jpg',6820352,'UUID-1111-1111111','2018-07-24 14:32:57','UUID-1111-1111111','2018-07-24 14:32:57'),
('d99d4ea32f08426eb4d87e5d5143c192','CI0021','image/jpeg','Dusseldorf.jpg','20187242558_Dusseldorf.jpg','C:\\Users\\student\\Desktop\\SpringFramework\\spring-tool-suite-3.9.3.RELEASE-e4.7.3-win32-x86_64\\sts-bundle\\pivotal-tc-server-developer-3.2.9.RELEASE\\SkySearchServer\\wtpwebapps\\SkySearch\\resources\\uploads\\20187242558_Dusseldorf.jpg',143738,'UUID-1111-1111111','2018-07-24 14:03:19','UUID-1111-1111111','2018-07-24 14:03:19'),
('da023a12571845ebb7c5a78c49044257','1d319a89d4ac4510ba59ac4ff9813aa9','image/jpeg','gangjeowoo_paradise.jpg','201872423814_gangjeowoo_paradise.jpg','C:\\sts-bundle\\pivotal-tc-server-developer-3.2.9.RELEASE\\Final_SkySearch\\wtpwebapps\\SkySearch\\resources\\uploads\\201872423814_gangjeowoo_paradise.jpg',144046,'UUID-1111-1111111','2018-07-24 14:35:25','UUID-1111-1111111','2018-07-24 14:35:25'),
('da8038dcf53d456da1136b3b2b0d154a','b5fb361164cb4a9babae0e6fdec769be','image/jpeg','cairo_castle.jpg','201872423714_cairo_castle.jpg','C:\\sts-bundle\\pivotal-tc-server-developer-3.2.9.RELEASE\\skysearch\\wtpwebapps\\SkySearch\\resources\\uploads\\201872423714_cairo_castle.jpg',7293,'UUID-1111-1111111','2018-07-24 14:37:14','UUID-1111-1111111','2018-07-24 14:37:14'),
('dbec29f046974d4c83e95ab727d556fa','TR0017','image/jpeg','hanoi_hoankiem.jpg','201872415911_hanoi_hoankiem.jpg','C:\\sts-bundle\\pivotal-tc-server-developer-3.2.9.RELEASE\\skysearch1\\wtpwebapps\\SkySearch\\resources\\uploads\\201872415911_hanoi_hoankiem.jpg',14209,'UUID-1111-1111111','2018-07-24 13:53:39','UUID-1111-1111111','2018-07-24 13:56:46'),
('dc5c20ab70a0426ebacf549c4531151f','394723467160460eb26d361d8ed7c2e9','image/jpeg','manchester_cfcca.jpg','20187242567_manchester_cfcca.jpg','C:\\spring-tool-suite-3.9.3.RELEASE-e4.7.3-win32-x86_64\\sts-bundle\\pivotal-tc-server-developer-3.2.9.RELEASE\\skys\\wtpwebapps\\SkySearch\\resources\\uploads\\20187242567_manchester_cfcca.jpg',212915,'UUID-1111-1111111','2018-07-24 14:52:48','UUID-1111-1111111','2018-07-24 14:52:48'),
('dd490ed93ec44a8e86bfeb815ecfdfe5','TR0038','image/jpeg','curitiba_oscarmu.jpg','201872424555_curitiba_oscarmu.jpg','C:\\sts-bundle\\pivotal-tc-server-developer-3.2.9.RELEASE\\skysearch\\wtpwebapps\\SkySearch\\resources\\uploads\\201872424555_curitiba_oscarmu.jpg',363101,'UUID-1111-1111111','2018-07-24 14:45:55','UUID-1111-1111111','2018-07-24 14:45:55'),
('de8d38a39e324363bfc8d86081d44f0b','TR0027','image/jpeg','Edinburgh_holyroodhouse.jpg','2018724241_Edinburgh_holyroodhouse.jpg','C:\\SpringFramework\\spring-tool-suite-3.9.3.RELEASE-e4.7.3-win32-x86_64\\sts-bundle\\pivotal-tc-server-developer-3.2.9.RELEASE\\project\\wtpwebapps\\SkySearch\\resources\\uploads\\2018724241_Edinburgh_holyroodhouse.jpg',238625,'UUID-1111-1111111','2018-07-24 14:00:34','UUID-1111-1111111','2018-07-24 14:00:34'),
('e0f5c217b20147a2b372c60efd2fac4d','CI0035','image/jpeg','Toronto.jpg','201872421524_Toronto.jpg','C:\\Users\\student\\Desktop\\SpringFramework\\spring-tool-suite-3.9.3.RELEASE-e4.7.3-win32-x86_64\\sts-bundle\\pivotal-tc-server-developer-3.2.9.RELEASE\\SkySearchServer\\wtpwebapps\\SkySearch\\resources\\uploads\\201872421524_Toronto.jpg',1682310,'UUID-1111-1111111','2018-07-24 14:12:44','UUID-1111-1111111','2018-07-24 14:12:44'),
('e10ee035fd1240acaa6966fd54e10dd8','CI0010','image/jpeg','Bangkok.jpg','2018724298_Bangkok.jpg','C:\\Users\\student\\Desktop\\SpringFramework\\spring-tool-suite-3.9.3.RELEASE-e4.7.3-win32-x86_64\\sts-bundle\\pivotal-tc-server-developer-3.2.9.RELEASE\\SkySearchServer\\wtpwebapps\\SkySearch\\resources\\uploads\\2018724298_Bangkok.jpg',144378,'UUID-1111-1111111','2018-07-24 14:06:29','UUID-1111-1111111','2018-07-24 14:06:29'),
('e1b36047132944b794816fb204d2c1cf','CI0011','image/jpeg','Phuket.jpg','201872421551_Phuket.jpg','C:\\Users\\student\\Desktop\\SpringFramework\\spring-tool-suite-3.9.3.RELEASE-e4.7.3-win32-x86_64\\sts-bundle\\pivotal-tc-server-developer-3.2.9.RELEASE\\SkySearchServer\\wtpwebapps\\SkySearch\\resources\\uploads\\201872421551_Phuket.jpg',256686,'UUID-1111-1111111','2018-07-24 14:13:12','UUID-1111-1111111','2018-07-24 14:13:12'),
('e201c6d4275e4ea79b9354b700115446','695fa33f63e345a9bf482ff8f52c9e9a','image/jpeg','theniden_otago.jpg','201872425343_theniden_otago.jpg','C:\\sts-bundle\\pivotal-tc-server-developer-3.2.9.RELEASE\\Final_SkySearch\\wtpwebapps\\SkySearch\\resources\\uploads\\201872425343_theniden_otago.jpg',8560,'UUID-1111-1111111','2018-07-24 14:50:55','UUID-1111-1111111','2018-07-24 14:50:55'),
('e31cfeb44c69404bb3a534b6037107ec','be06e9bab3c14303817c5079333b9267','image/jpeg','hanoi_hoccimin.jpg','20187242134_hanoi_hoccimin.jpg','C:\\sts-bundle\\pivotal-tc-server-developer-3.2.9.RELEASE\\skysearch1\\wtpwebapps\\SkySearch\\resources\\uploads\\20187242134_hanoi_hoccimin.jpg',54606,'UUID-1111-1111111','2018-07-24 14:10:39','UUID-1111-1111111','2018-07-24 14:10:39'),
('e4fd3414d04d4e10bf662e65d0a3c1be','CI0040','image/jpeg','Auckland.jpg','201872421232_Auckland.jpg','C:\\Users\\student\\Desktop\\SpringFramework\\spring-tool-suite-3.9.3.RELEASE-e4.7.3-win32-x86_64\\sts-bundle\\pivotal-tc-server-developer-3.2.9.RELEASE\\SkySearchServer\\wtpwebapps\\SkySearch\\resources\\uploads\\201872421232_Auckland.jpg',2673649,'UUID-1111-1111111','2018-07-24 14:09:53','UUID-1111-1111111','2018-07-24 14:09:53'),
('e6302f250eec46c8873c3e23da32abac','e4d53a7d6bbf4e21b332deba7137e451','image/jpeg','phuket_jungle.jpg','201872421945_phuket_jungle.jpg','C:\\sts-bundle\\pivotal-tc-server-developer-3.2.9.RELEASE\\skysearch1\\wtpwebapps\\SkySearch\\resources\\uploads\\201872421945_phuket_jungle.jpg',15025,'UUID-1111-1111111','2018-07-24 14:17:20','UUID-1111-1111111','2018-07-24 14:17:20'),
('e64bef8cef724abe96027560dc494701','814dba46747e44098c87f02bfce8efa3','image/jpeg','Edinburgh_Castle_princes.jpg','201872423826_Edinburgh_Castle_princes.jpg','C:\\SpringFramework\\spring-tool-suite-3.9.3.RELEASE-e4.7.3-win32-x86_64\\sts-bundle\\pivotal-tc-server-developer-3.2.9.RELEASE\\project\\wtpwebapps\\SkySearch\\resources\\uploads\\201872423826_Edinburgh_Castle_princes.jpg',105175,'UUID-1111-1111111','2018-07-24 14:34:59','UUID-1111-1111111','2018-07-24 14:34:59'),
('e82fd5b364f6497d9839cd9d7d28f703','385ba4ff568146a9baef642df3690a4c','image/jpeg','gangjeowoo_jungsan.jpg','20187242371_gangjeowoo_jungsan.jpg','C:\\sts-bundle\\pivotal-tc-server-developer-3.2.9.RELEASE\\Final_SkySearch\\wtpwebapps\\SkySearch\\resources\\uploads\\20187242371_gangjeowoo_jungsan.jpg',40874,'UUID-1111-1111111','2018-07-24 14:34:13','UUID-1111-1111111','2018-07-24 14:34:13'),
('e985f70514d24ec98f46d6421faf12e9','TR0044','image/jpeg','alexandria_El-Montazah_Palace.jpg','20187242511_alexandria_El-Montazah_Palace.jpg','C:\\SpringFramework\\spring-tool-suite-3.9.3.RELEASE-e4.7.3-win32-x86_64\\sts-bundle\\pivotal-tc-server-developer-3.2.9.RELEASE\\project\\wtpwebapps\\SkySearch\\resources\\uploads\\20187242511_alexandria_El-Montazah_Palace.jpg',8884533,'UUID-1111-1111111','2018-07-24 14:01:44','UUID-1111-1111111','2018-07-24 14:01:44'),
('eb7bf43c88274414ae7379b2547cd7eb','CI0039','image/jpeg','Brasília.jpg','20187242946_Brasília.jpg','C:\\Users\\student\\Desktop\\SpringFramework\\spring-tool-suite-3.9.3.RELEASE-e4.7.3-win32-x86_64\\sts-bundle\\pivotal-tc-server-developer-3.2.9.RELEASE\\SkySearchServer\\wtpwebapps\\SkySearch\\resources\\uploads\\20187242946_Brasília.jpg',248198,'UUID-1111-1111111','2018-07-24 14:07:06','UUID-1111-1111111','2018-07-24 14:07:06'),
('ee0bec93fb6c4786ba49d5169958b84e','CI0006','image/jpeg','Qingdao.JPG','201872421313_Qingdao.JPG','C:\\Users\\student\\Desktop\\SpringFramework\\spring-tool-suite-3.9.3.RELEASE-e4.7.3-win32-x86_64\\sts-bundle\\pivotal-tc-server-developer-3.2.9.RELEASE\\SkySearchServer\\wtpwebapps\\SkySearch\\resources\\uploads\\201872421313_Qingdao.JPG',450177,'UUID-1111-1111111','2018-07-24 14:10:34','UUID-1111-1111111','2018-07-24 14:10:34'),
('eea7f15f1d9a4688ba84628997078cdb','fde2e89f49814d26b150c9fea2e2d0bb','image/jpeg','mont_squarePhillips.jpg','20187243856_mont_squarePhillips.jpg','C:\\spring-tool-suite-3.9.3.RELEASE-e4.7.3-win32-x86_64\\sts-bundle\\pivotal-tc-server-developer-3.2.9.RELEASE\\skys\\wtpwebapps\\SkySearch\\resources\\uploads\\20187243856_mont_squarePhillips.jpg',190847,'UUID-1111-1111111','2018-07-24 15:05:36','UUID-1111-1111111','2018-07-24 15:05:36'),
('eef3d140d5154f4baa1aee3aa7e60b8a','b75adf8c703c4c6d8c1952a40bd7ae31','image/jpeg','niss_promnad.jpg','201872424714_niss_promnad.jpg','C:\\sts-bundle\\pivotal-tc-server-developer-3.2.9.RELEASE\\Final_SkySearch\\wtpwebapps\\SkySearch\\resources\\uploads\\201872424714_niss_promnad.jpg',21855,'UUID-1111-1111111','2018-07-24 14:44:26','UUID-1111-1111111','2018-07-24 14:44:26'),
('f118bf0fc35e49d98b9ca137a018e918','CI0016','image/jpeg','Ho Chi Minh City.jpg','201872421626_Ho Chi Minh City.jpg','C:\\Users\\student\\Desktop\\SpringFramework\\spring-tool-suite-3.9.3.RELEASE-e4.7.3-win32-x86_64\\sts-bundle\\pivotal-tc-server-developer-3.2.9.RELEASE\\SkySearchServer\\wtpwebapps\\SkySearch\\resources\\uploads\\201872421626_Ho Chi Minh City.jpg',393548,'UUID-1111-1111111','2018-07-24 14:13:47','UUID-1111-1111111','2018-07-24 14:13:47'),
('f1a18dbbdbd043ea860f4c0ccd0ce336','ca8f088708e04898ad2ef798fdefcaf4','image/jpeg','san francisco_GoldenGateBridge.jpg','201872422820_san francisco_GoldenGateBridge.jpg','C:\\SpringFramework\\spring-tool-suite-3.9.3.RELEASE-e4.7.3-win32-x86_64\\sts-bundle\\pivotal-tc-server-developer-3.2.9.RELEASE\\project\\wtpwebapps\\SkySearch\\resources\\uploads\\201872422820_san francisco_GoldenGateBridge.jpg',3108075,'UUID-1111-1111111','2018-07-24 14:24:53','UUID-1111-1111111','2018-07-24 14:24:53'),
('f2beac0c806a45c78dae6b5c1af45583','CI0017','image/jpeg','Hanoi.jpg','201872421614_Hanoi.jpg','C:\\Users\\student\\Desktop\\SpringFramework\\spring-tool-suite-3.9.3.RELEASE-e4.7.3-win32-x86_64\\sts-bundle\\pivotal-tc-server-developer-3.2.9.RELEASE\\SkySearchServer\\wtpwebapps\\SkySearch\\resources\\uploads\\201872421614_Hanoi.jpg',4156204,'UUID-1111-1111111','2018-07-24 14:13:34','UUID-1111-1111111','2018-07-24 14:13:34'),
('f3f80741b4874c8788b191ebf76b91bd','CI0032','image/jpeg','San Francisco.jpg','20187242107_San Francisco.jpg','C:\\Users\\student\\Desktop\\SpringFramework\\spring-tool-suite-3.9.3.RELEASE-e4.7.3-win32-x86_64\\sts-bundle\\pivotal-tc-server-developer-3.2.9.RELEASE\\SkySearchServer\\wtpwebapps\\SkySearch\\resources\\uploads\\20187242107_San Francisco.jpg',645512,'UUID-1111-1111111','2018-07-24 14:07:28','UUID-1111-1111111','2018-07-24 14:07:28'),
('f44bea7c8e8c47c88db9dd10e1ec4372','6a02f40b9cfd4923930f1cb58a8f12ad','image/jpeg','ockland_waynyard.jpg','201872423449_ockland_waynyard.jpg','C:\\sts-bundle\\pivotal-tc-server-developer-3.2.9.RELEASE\\skysearch\\wtpwebapps\\SkySearch\\resources\\uploads\\201872423449_ockland_waynyard.jpg',150028,'UUID-1111-1111111','2018-07-24 14:34:49','UUID-1111-1111111','2018-07-24 14:34:49'),
('f4b343afe76747a3a46be46f90b2669b','TR0009','image/jpeg','taowean_daxioldstreet.jpg','20187242263_taowean_daxioldstreet.jpg','C:\\sts-bundle\\pivotal-tc-server-developer-3.2.9.RELEASE\\skysearch1\\wtpwebapps\\SkySearch\\resources\\uploads\\20187242263_taowean_daxioldstreet.jpg',13281,'UUID-1111-1111111','2018-07-24 14:23:38','UUID-1111-1111111','2018-07-24 14:23:38'),
('f5847aae450a46fca4c1d1e1ac1febf6','19b7060c5413495d89fe7a68a0ff77ee','image/jpeg','tokyo_disneyland.jpg','20187243822_tokyo_disneyland.jpg','C:\\sts-bundle\\pivotal-tc-server-developer-3.2.9.RELEASE\\Final_SkySearch\\wtpwebapps\\SkySearch\\resources\\uploads\\20187243822_tokyo_disneyland.jpg',77993,'UUID-1111-1111111','2018-07-24 15:05:33','UUID-1111-1111111','2018-07-24 15:05:33'),
('f61ffcebb61648ec9ec0e3dec82dacdc','TR0023','image/jpeg','niss_cotdagir.jpg','201872424750_niss_cotdagir.jpg','C:\\sts-bundle\\pivotal-tc-server-developer-3.2.9.RELEASE\\Final_SkySearch\\wtpwebapps\\SkySearch\\resources\\uploads\\201872424750_niss_cotdagir.jpg',75247,'UUID-1111-1111111','2018-07-24 14:45:01','UUID-1111-1111111','2018-07-24 14:45:01'),
('fc4d7a3d59c74e29a17ea58bcc12a838','8edacb32a2fe44c59bcedd80bae0892a','image/jpeg','mexicocity_kioscoMorisco.jpg','20187243714_mexicocity_kioscoMorisco.jpg','C:\\spring-tool-suite-3.9.3.RELEASE-e4.7.3-win32-x86_64\\sts-bundle\\pivotal-tc-server-developer-3.2.9.RELEASE\\skys\\wtpwebapps\\SkySearch\\resources\\uploads\\20187243714_mexicocity_kioscoMorisco.jpg',169248,'UUID-1111-1111111','2018-07-24 15:03:55','UUID-1111-1111111','2018-07-24 15:03:55'),
('fc80ae54aad942c68762c2cd8b8886a0','53f2d160ba594e01ae03f19c85a7fe5d','image/jpeg','hanoi_opera.jpg','201872421454_hanoi_opera.jpg','C:\\sts-bundle\\pivotal-tc-server-developer-3.2.9.RELEASE\\skysearch1\\wtpwebapps\\SkySearch\\resources\\uploads\\201872421454_hanoi_opera.jpg',158212,'UUID-1111-1111111','2018-07-24 14:12:29','UUID-1111-1111111','2018-07-24 14:12:29'),
('fd078ae7c03440b6a7f7385efec596f3','c029f41cc24d4b5f93ecd4cba3f2ef79','image/jpeg','san francisco_alcatraz.jpg','20187242299_san francisco_alcatraz.jpg','C:\\SpringFramework\\spring-tool-suite-3.9.3.RELEASE-e4.7.3-win32-x86_64\\sts-bundle\\pivotal-tc-server-developer-3.2.9.RELEASE\\project\\wtpwebapps\\SkySearch\\resources\\uploads\\20187242299_san francisco_alcatraz.jpg',199593,'UUID-1111-1111111','2018-07-24 14:25:42','UUID-1111-1111111','2018-07-24 14:25:42');


/*
-- Query: SELECT * FROM skysearch.ss_comment
LIMIT 0, 1000

-- Date: 2018-07-24 11:10
*/
INSERT INTO `ss_comment` (`COMMENT_SEQ`,`MEMBER_SEQ`,`CITY_SEQ`,`COMMENT_CON`,`ENABLE`,`SS_STAR`,`REGISTER_SEQ`,`REGISTRY_DATE`,`MODIFIER_SEQ`,`MODIFY_DATE`) VALUES ('0594c20298ba459998969f2fa3fa00d6','SYSUID-SS001','CI0002','ㅅㅂ','Y',1,'SYSUID-SS001','2018-07-18 15:28:33','SYSUID-SS001','2018-07-18 15:28:33'),
('0710b2012bde43a787f78ea0c4d9a251','11d5aa3e18ce4efb93fd25f70910b3f9','CI0036','여긴 어디 나는 누뀨 >_<','Y',2,'11d5aa3e18ce4efb93fd25f70910b3f9','2018-07-24 10:40:56','11d5aa3e18ce4efb93fd25f70910b3f9','2018-07-24 10:40:56'),
('0c24fd4cf93c49f3ab2a6f9dd20787c9','SYSUID-SS023','CI0020','건축물 짱임 진짜 ㅋㅋㅋ','Y',5,'SYSUID-SS023','2018-07-24 10:36:42','SYSUID-SS023','2018-07-24 10:36:42'),
('0db740caf964407fb516750b8c914881','11d5aa3e18ce4efb93fd25f70910b3f9','CI0001','26','Y',1,'11d5aa3e18ce4efb93fd25f70910b3f9','2018-07-20 13:32:05','11d5aa3e18ce4efb93fd25f70910b3f9','2018-07-20 13:32:05'),
('0e253d3418c94178b96ae59e584c1059','11d5aa3e18ce4efb93fd25f70910b3f9','CI0038','여기 좋아','Y',4,'11d5aa3e18ce4efb93fd25f70910b3f9','2018-07-24 10:41:26','11d5aa3e18ce4efb93fd25f70910b3f9','2018-07-24 10:41:26'),
('0feb2c66fc43437d9db650f6f06fa6a5','SYSUID-SS001','CI0004','베이징 조회수 개많네','Y',5,'SYSUID-SS001','2018-07-18 17:34:17','SYSUID-SS001','2018-07-18 17:34:17'),
('109e72c208dc4308baffaca4cbda0245','SYSUID-SS012','CI0017','제발 고수는 좀...ㅜ','Y',3,'SYSUID-SS012','2018-07-24 10:50:49','SYSUID-SS012','2018-07-24 10:50:49'),
('12ebd50129ed4ce2afe0857eb6b3ff50','SYSUID-SS023','CI0032','전 엘에이보다 샌프란시스코가 더 좋앗어요!! 금문교를 달리며 슝슝','Y',5,'SYSUID-SS023','2018-07-24 10:41:26','SYSUID-SS023','2018-07-24 10:41:26'),
('13253b4f03b3443282b982798acdc943','SYSUID-SS023','CI0017','역시 쌀국수는 베트남에서!','Y',4,'SYSUID-SS023','2018-07-24 10:23:45','SYSUID-SS023','2018-07-24 10:23:45'),
('1caf76efd46144479ead6d16457d2ce6','11d5aa3e18ce4efb93fd25f70910b3f9','CI0043','평점 올리자','Y',5,'11d5aa3e18ce4efb93fd25f70910b3f9','2018-07-23 13:05:43','11d5aa3e18ce4efb93fd25f70910b3f9','2018-07-23 13:05:43'),
('1cfa1df6ef5a4d6c88b56f2e3774546b','SYSUID-SS001','CI0005','광저우 지금 천둥번개친다.','Y',1,'SYSUID-SS001','2018-07-23 14:42:24','SYSUID-SS001','2018-07-23 14:42:24'),
('1d05f5127f7648bd999f5ce6b46286e9','71c56de9b1ce4873b15a48080b8f6933','CI0031','뉴욕에서 흑인한테 삥뜻김..','Y',2,'71c56de9b1ce4873b15a48080b8f6933','2018-07-23 10:24:40','71c56de9b1ce4873b15a48080b8f6933','2018-07-23 10:24:40'),
('1e5ffc25a2e944858b5da28f036f9d26','SYSUID-SS001','CI0031','아 사기당함 ㅠㅠㅠㅠㅠ','Y',1,'SYSUID-SS001','2018-07-18 18:06:27','SYSUID-SS001','2018-07-18 18:06:27'),
('26a15bce283e4d13baa4bffc638d483c','11d5aa3e18ce4efb93fd25f70910b3f9','CI0044','ㅋㅋㅋㅇㅇㅇ','Y',4,'11d5aa3e18ce4efb93fd25f70910b3f9','2018-07-20 11:48:35','11d5aa3e18ce4efb93fd25f70910b3f9','2018-07-20 11:48:35'),
('2d5eea3cce314d22be72120ab2fa89c1','SYSUID-SS023','CI0033','LALA Land~~~빠밤','Y',5,'SYSUID-SS023','2018-07-24 10:43:54','SYSUID-SS023','2018-07-24 10:43:54'),
('3484be2c728c47ac83f7a6a7a49eefa5','SYSUID-SS023','CI0031','전 사기 안당했는데...? 물가가 비싸긴 하지만 정말이지 볼거리도 먹을 거리도 많고 ♥♥♥♥♥♥','Y',5,'SYSUID-SS023','2018-07-24 10:33:19','SYSUID-SS023','2018-07-24 10:33:19'),
('35156d169d0b4a148d3c7426ef2f1c4a','11d5aa3e18ce4efb93fd25f70910b3f9','CI0040','오크','Y',5,'11d5aa3e18ce4efb93fd25f70910b3f9','2018-07-24 10:41:46','11d5aa3e18ce4efb93fd25f70910b3f9','2018-07-24 10:41:46'),
('37c7c8379d464fbe9acb45311b6cace0','11d5aa3e18ce4efb93fd25f70910b3f9','CI0009','따오 위 엔!','Y',4,'11d5aa3e18ce4efb93fd25f70910b3f9','2018-07-24 10:30:29','11d5aa3e18ce4efb93fd25f70910b3f9','2018-07-24 10:30:29'),
('3905bff428884848a4c2fdaf45a1d857','SYSUID-SS023','CI0034','아 이곳에서 올림픽을 직접 봤는데!!!! ㅠㅠ 또가고 싶네요','Y',4,'SYSUID-SS023','2018-07-24 10:42:01','SYSUID-SS023','2018-07-24 10:42:01'),
('3cbe00db4e9346af8caa3ae9c56bd840','11d5aa3e18ce4efb93fd25f70910b3f9','CI0016','치민치민호치민~','Y',4,'11d5aa3e18ce4efb93fd25f70910b3f9','2018-07-24 10:29:11','11d5aa3e18ce4efb93fd25f70910b3f9','2018-07-24 10:29:11'),
('4077f1a1593049ea91465b359906b528','SYSUID-SS023','CI0039','브라질 치안이 너무 안좋았어요 ㅠㅠ','Y',3,'SYSUID-SS023','2018-07-24 10:39:44','SYSUID-SS023','2018-07-24 10:39:44'),
('4084e0c2be454e749eb380b7faab2d69','SYSUID-SS023','CI0010','너무너무 더워더워 ㅠㅠ','Y',2,'SYSUID-SS023','2018-07-24 10:37:29','SYSUID-SS023','2018-07-24 10:37:29'),
('4467a065893f4378ac63e366feadaf19','11d5aa3e18ce4efb93fd25f70910b3f9','CI0021','룩..룩..룩셈부르크 아..아.. 아르헨티나 뒤..뒤..뒤셀도르프','Y',2,'11d5aa3e18ce4efb93fd25f70910b3f9','2018-07-24 10:24:52','11d5aa3e18ce4efb93fd25f70910b3f9','2018-07-24 10:24:52'),
('44ef9013477b493fa092b349a409d273','11d5aa3e18ce4efb93fd25f70910b3f9','CI0028','칸쿤 VS 닉쿤','Y',3,'11d5aa3e18ce4efb93fd25f70910b3f9','2018-07-24 10:40:21','11d5aa3e18ce4efb93fd25f70910b3f9','2018-07-24 10:40:21'),
('4539e4b99b354a088b2ca940d4fbfeb5','11d5aa3e18ce4efb93fd25f70910b3f9','CI0013','바닐라 아이스크림','Y',3,'11d5aa3e18ce4efb93fd25f70910b3f9','2018-07-24 10:30:18','11d5aa3e18ce4efb93fd25f70910b3f9','2018-07-24 10:30:18'),
('465e7bd73cbc4354ba2e9a589570e898','11d5aa3e18ce4efb93fd25f70910b3f9','CI0034','밴쿠버 올림픽?','Y',1,'11d5aa3e18ce4efb93fd25f70910b3f9','2018-07-24 10:41:39','11d5aa3e18ce4efb93fd25f70910b3f9','2018-07-24 10:41:39'),
('48fbfbb8ebc545dbb3be5f28dde259ff','SYSUID-SS023','CI0011','힐링하러 다녀온 푸켓... 다음 휴가때 또 ~~~','Y',5,'SYSUID-SS023','2018-07-24 10:25:59','SYSUID-SS023','2018-07-24 10:25:59'),
('4d2f535e46094821aef52cf9b159dd9f','SYSUID-SS001','CI0003','봄에 다녀온 후쿠오카.. 내년 봄에 또 가야겟어요!','Y',4,'SYSUID-SS001','2018-07-21 15:34:43','SYSUID-SS001','2018-07-21 15:34:43'),
('529679fad05c4b6d988f24fefa662263','SYSUID-SS023','CI0024','리옹?','Y',3,'SYSUID-SS023','2018-07-24 10:40:12','SYSUID-SS023','2018-07-24 10:40:12'),
('5360614ebf7246fdb83de5a60a240373','11d5aa3e18ce4efb93fd25f70910b3f9','CI0035','김민채 프로그래머','Y',2,'11d5aa3e18ce4efb93fd25f70910b3f9','2018-07-24 10:42:13','11d5aa3e18ce4efb93fd25f70910b3f9','2018-07-24 10:42:13'),
('54e4ba7ee03647eda0546b00dedd7d50','ae8f69b60be2473c8de24926adde2306','CI0043','피라미드를 실제로 보다니 넘 신기햇어영','Y',4,'ae8f69b60be2473c8de24926adde2306','2018-07-24 10:51:39','ae8f69b60be2473c8de24926adde2306','2018-07-24 10:51:39'),
('5633e219364b4cce9afb35e441f978c8','SYSUID-SS023','CI0027','영드에서만 볼 법한 건물들!!!!! 너무 멋졌어요','Y',4,'SYSUID-SS023','2018-07-24 10:39:17','SYSUID-SS023','2018-07-24 10:39:17'),
('5f6c8c3280d540cb9f6e623f03c45d7c','SYSUID-SS012','CI0015','도시 사진보고 기대하고 갔는데 볼거 별로 없었....','Y',2,'SYSUID-SS012','2018-07-24 10:38:42','SYSUID-SS012','2018-07-24 10:38:42'),
('5fadcea7eba840dfa2538476eb5d6d25','SYSUID-SS023','CI0041','날씨가 너무 좋았어요!!!!!!! 예이','Y',4,'SYSUID-SS023','2018-07-24 10:28:40','SYSUID-SS023','2018-07-24 10:28:40'),
('60239882ae564a0b866aadb76ed29741','SYSUID-SS002','CI0001','xz','Y',2,'SYSUID-SS002','2018-07-18 17:16:34','SYSUID-SS002','2018-07-18 17:16:34'),
('66a58a7016ff4ac6a6792cd7d5d3b911','11d5aa3e18ce4efb93fd25f70910b3f9','CI0032','갓프란시스코 5점!','Y',5,'11d5aa3e18ce4efb93fd25f70910b3f9','2018-07-24 10:40:40','11d5aa3e18ce4efb93fd25f70910b3f9','2018-07-24 10:40:40'),
('70285f621be24b79a6e224f8d2afc80d','11d5aa3e18ce4efb93fd25f70910b3f9','CI0042','니든니든 더니든','Y',1,'11d5aa3e18ce4efb93fd25f70910b3f9','2018-07-24 10:42:02','11d5aa3e18ce4efb93fd25f70910b3f9','2018-07-24 10:42:02'),
('702cc141440c4f82bf7b6c6c3a89bf16','SYSUID-SS023','CI0015','음 여긴 기억에 잘 남지 않네요 ㅠㅠ','Y',2,'SYSUID-SS023','2018-07-24 10:20:56','SYSUID-SS023','2018-07-24 10:20:56'),
('72fd1a31044d4edfabc54822f8baef21','11d5aa3e18ce4efb93fd25f70910b3f9','CI0031','ㅇㅋ','Y',3,'11d5aa3e18ce4efb93fd25f70910b3f9','2018-07-20 10:18:30','11d5aa3e18ce4efb93fd25f70910b3f9','2018-07-20 10:18:30'),
('74858d5bede446b69d277361a5f9297e','SYSUID-SS023','CI0001','사람이 너무 많았어요 ㅠㅠ 하지만 맛집이 많아 좋았네요 ^^','Y',5,'SYSUID-SS023','2018-07-24 10:29:42','SYSUID-SS023','2018-07-24 10:29:42'),
('74a7a29da5874b4fbcf56187520ae810','11d5aa3e18ce4efb93fd25f70910b3f9','CI0021','안녕하세요 박보금입니다.','Y',3,'11d5aa3e18ce4efb93fd25f70910b3f9','2018-07-24 10:25:03','11d5aa3e18ce4efb93fd25f70910b3f9','2018-07-24 10:25:03'),
('7680dff2af1d4f40af8c2c6c305b2bad','SYSUID-SS023','CI0022','에펠탑 앞에서 와인 한잔~ 낭만:D','Y',5,'SYSUID-SS023','2018-07-24 10:19:45','SYSUID-SS023','2018-07-24 10:19:45'),
('83f1369482ec4eb5944876a48e0cd67c','11d5aa3e18ce4efb93fd25f70910b3f9','CI0024','나폴리옹 ㅋㅋㅋ','Y',1,'11d5aa3e18ce4efb93fd25f70910b3f9','2018-07-24 10:40:08','11d5aa3e18ce4efb93fd25f70910b3f9','2018-07-24 10:40:08'),
('842c7cdc2f9f421ea991cf14746f2925','SYSUID-SS001','CI0003','거짓말 안갔잖아','Y',5,'SYSUID-SS001','2018-07-23 10:30:57','SYSUID-SS001','2018-07-23 10:30:57'),
('874993b949f6497696b9e59d064562eb','11d5aa3e18ce4efb93fd25f70910b3f9','CI0023','니스 관광지 사진 어디갔어 아놔 ㅡㅡ','Y',3,'11d5aa3e18ce4efb93fd25f70910b3f9','2018-07-24 10:25:35','11d5aa3e18ce4efb93fd25f70910b3f9','2018-07-24 10:25:35'),
('8cad64fe624a40d2a6aae1bc57cf707b','SYSUID-SS023','CI0006','칭다오 칭다오~~','Y',3,'SYSUID-SS023','2018-07-24 10:30:35','SYSUID-SS023','2018-07-24 10:30:35'),
('8d16ee3cc1764fd58cdeea4babcbbf55','11d5aa3e18ce4efb93fd25f70910b3f9','CI0012','이런곳도있느냐','Y',3,'11d5aa3e18ce4efb93fd25f70910b3f9','2018-07-24 10:28:16','11d5aa3e18ce4efb93fd25f70910b3f9','2018-07-24 10:28:16'),
('953eb2930cc74b97b34ad449f46c678d','SYSUID-SS023','CI0008','아 우육탕 먹고싶다 \n','Y',3,'SYSUID-SS023','2018-07-24 10:35:43','SYSUID-SS023','2018-07-24 10:35:43'),
('9835e78c0a274820a3be1060dcc83b14','ae8f69b60be2473c8de24926adde2306','CI0019','야경이 넘 멋져여>-<','Y',3,'ae8f69b60be2473c8de24926adde2306','2018-07-24 10:33:38','ae8f69b60be2473c8de24926adde2306','2018-07-24 10:33:38'),
('a1665c0febe6442fb46d9eb3ae970664','SYSUID-SS012','CI0011','푸켓은 역시 추천!','Y',5,'SYSUID-SS012','2018-07-24 10:52:35','SYSUID-SS012','2018-07-24 10:52:35'),
('aacb08b3f8a24787ae842158c658d4d9','11d5aa3e18ce4efb93fd25f70910b3f9','CI0007','따이베이 에~','Y',4,'11d5aa3e18ce4efb93fd25f70910b3f9','2018-07-24 10:27:08','11d5aa3e18ce4efb93fd25f70910b3f9','2018-07-24 10:27:08'),
('af3becbd7d6c4ce783cb9da6d0c28d79','ae8f69b60be2473c8de24926adde2306','CI0025','런던에서 살고 싶어여','Y',5,'ae8f69b60be2473c8de24926adde2306','2018-07-24 10:52:08','ae8f69b60be2473c8de24926adde2306','2018-07-24 10:52:08'),
('b55c326a8ec64820b2b6d51a9e75ec04','15a55284a0c94cc187a4740cbbb19afb','CI0003','모모치 해변 공원 오져따....','Y',5,'15a55284a0c94cc187a4740cbbb19afb','2018-07-24 10:51:58','15a55284a0c94cc187a4740cbbb19afb','2018-07-24 10:51:58'),
('ba15096c90d84f649a9ddd713e98f6e3','11d5aa3e18ce4efb93fd25f70910b3f9','CI0026','댓글달긔~','Y',3,'11d5aa3e18ce4efb93fd25f70910b3f9','2018-07-24 10:26:27','11d5aa3e18ce4efb93fd25f70910b3f9','2018-07-24 10:26:27'),
('be554075725c4f6c88f527a13dfc67fb','11d5aa3e18ce4efb93fd25f70910b3f9','CI0043','더워 진짜 레알','Y',3,'11d5aa3e18ce4efb93fd25f70910b3f9','2018-07-20 10:08:34','11d5aa3e18ce4efb93fd25f70910b3f9','2018-07-20 10:08:34'),
('bef5c043f97e4bb4ba7016420ac42518','11d5aa3e18ce4efb93fd25f70910b3f9','CI0023','다 나오더니 오늘은 어디갔어','Y',1,'11d5aa3e18ce4efb93fd25f70910b3f9','2018-07-24 10:25:47','11d5aa3e18ce4efb93fd25f70910b3f9','2018-07-24 10:25:47'),
('bf513ae55cf44cd4bab6c1436c313cc7','11d5aa3e18ce4efb93fd25f70910b3f9','CI0033','LA갈비의 본고장','Y',2,'11d5aa3e18ce4efb93fd25f70910b3f9','2018-07-24 10:41:08','11d5aa3e18ce4efb93fd25f70910b3f9','2018-07-24 10:41:08'),
('c249681161f84743b3d80019f5367f2f','SYSUID-SS001','CI0031','ㅋㅋㅋㅋㅋㅋㅋㅋㅋㅋㅋㅋㅋㅋㅋㅋㅋㅋ','Y',3,'SYSUID-SS001','2018-07-19 10:12:39','SYSUID-SS001','2018-07-19 10:12:39'),
('c254ccc190134c6eb51f12ad91a70de0','SYSUID-SS001','CI0003','바꿔야겠네요.....','Y',5,'SYSUID-SS001','2018-07-24 10:50:05','SYSUID-SS001','2018-07-24 10:50:05'),
('c30d843386204ac6b9b9c4b7b2b09420','11d5aa3e18ce4efb93fd25f70910b3f9','CI0026','맨체스터 유나이티드 예~','Y',5,'11d5aa3e18ce4efb93fd25f70910b3f9','2018-07-24 10:26:19','11d5aa3e18ce4efb93fd25f70910b3f9','2018-07-24 10:26:19'),
('c3d7ec1fa2b3418296b3235e9b4ab083','11d5aa3e18ce4efb93fd25f70910b3f9','CI0039',' I LOVE YOU BABY','Y',3,'11d5aa3e18ce4efb93fd25f70910b3f9','2018-07-24 10:39:39','11d5aa3e18ce4efb93fd25f70910b3f9','2018-07-24 10:39:39'),
('c73393666e28468fa9fdf54aebad9bfa','SYSUID-SS023','CI0018','다낭다낭~ 날씨는 더웠지만, 음식은 내입맛에 딱이야~','Y',4,'SYSUID-SS023','2018-07-24 10:38:16','SYSUID-SS023','2018-07-24 10:38:16'),
('ce35216932c24611a821671147bd477d','SYSUID-SS012','CI0002','오사카 성은 겉에서만 보세요...\n안에는 그냥 박물관이에요','Y',4,'SYSUID-SS012','2018-07-24 10:53:09','SYSUID-SS012','2018-07-24 10:53:09'),
('cfc51526fa8d422dbd390eb10d44fd97','11d5aa3e18ce4efb93fd25f70910b3f9','CI0037','이런 썅파울루','Y',5,'11d5aa3e18ce4efb93fd25f70910b3f9','2018-07-24 10:30:46','11d5aa3e18ce4efb93fd25f70910b3f9','2018-07-24 10:30:46'),
('d04b8d751cd14943a24db5902b5052d9','SYSUID-SS001','CI0004','너~!!','Y',5,'SYSUID-SS001','2018-07-18 17:38:31','SYSUID-SS001','2018-07-18 17:38:31'),
('d5a635d040964b5c8406a7bd636f8ffa','ae8f69b60be2473c8de24926adde2306','CI0012','태국 음식 입에 너무 안맞았어여ㅠㅠㅠ','Y',1,'ae8f69b60be2473c8de24926adde2306','2018-07-24 10:52:43','ae8f69b60be2473c8de24926adde2306','2018-07-24 10:52:43'),
('d60d66e4f62241658b949c6d2ffd5653','SYSUID-SS023','CI0014','힐링하러 가.고.싶.다','Y',4,'SYSUID-SS023','2018-07-24 10:37:01','SYSUID-SS023','2018-07-24 10:37:01'),
('d79f0b891e4242d9a747359e89a3774e','SYSUID-SS023','CI0002','도톤보리에서 먹은 생맥주와 오꼬노미야끼 !!!!!! ','Y',5,'SYSUID-SS023','2018-07-24 10:35:10','SYSUID-SS023','2018-07-24 10:35:10'),
('d955a9dc646a4309b8291d9e7c949998','11d5aa3e18ce4efb93fd25f70910b3f9','CI0020','더워그냥 폭염이야','Y',1,'11d5aa3e18ce4efb93fd25f70910b3f9','2018-07-24 10:26:43','11d5aa3e18ce4efb93fd25f70910b3f9','2018-07-24 10:26:43'),
('deed72e71f0341cdb75b7587eeab7d55','SYSUID-SS023','CI0030','내가 여길 왜 갔을까...','Y',2,'SYSUID-SS023','2018-07-24 10:37:47','SYSUID-SS023','2018-07-24 10:37:47'),
('e7ad020ec0154539af71d4ae3d6e48b8','SYSUID-SS023','CI0037','다음엔 브라질 말고 아르헨티나 가야겠다','Y',3,'SYSUID-SS023','2018-07-24 10:46:02','SYSUID-SS023','2018-07-24 10:46:02'),
('e99fcdccca0a4e8091feb571bf50e29a','11d5aa3e18ce4efb93fd25f70910b3f9','CI0008','관광지 진짜 없더라...','Y',1,'11d5aa3e18ce4efb93fd25f70910b3f9','2018-07-24 10:28:30','11d5aa3e18ce4efb93fd25f70910b3f9','2018-07-24 10:28:30'),
('ea300dde84974c4a8cb9b10a8abd607c','SYSUID-SS012','CI0003','후쿠오카 사진이 홍콩 사진같아요 ㅋㅋ','Y',4,'SYSUID-SS012','2018-07-24 10:35:04','SYSUID-SS012','2018-07-24 10:35:04'),
('ec2d02b902dd46299bf801983668740a','SYSUID-SS012','CI0006','양꼬치엔 칭따오~','Y',5,'SYSUID-SS012','2018-07-24 10:54:03','SYSUID-SS012','2018-07-24 10:54:03'),
('efa5635e530f4d6e8444ce1c03afb86c','SYSUID-SS012','CI0045','필라이 사원 너무 좋았어요~~','Y',5,'SYSUID-SS012','2018-07-24 10:39:20','SYSUID-SS012','2018-07-24 10:39:20'),
('f7ebdea2a0014854a98f56310d513d6d','SYSUID-SS012','CI0022','파리 추천 여행지 더 올려주세요~~','Y',5,'SYSUID-SS012','2018-07-24 10:37:57','SYSUID-SS012','2018-07-24 10:37:57'),
('f9c981691ece4d8d9fc3669cb0c847e6','SYSUID-SS023','CI0019','독일 너무 좋았어요 ㅠㅠ 다른 도시도 가고 싶네요 !!','Y',4,'SYSUID-SS023','2018-07-24 10:24:12','SYSUID-SS023','2018-07-24 10:24:12'),
('fbbaf49ef62e44b5a47bfd7f84ef35ed','SYSUID-SS023','CI0029','여행갔을때 날씨가 너무 더웟어요 ㅠㅠ','Y',3,'SYSUID-SS023','2018-07-24 10:20:19','SYSUID-SS023','2018-07-24 10:20:19'),
('fc52a2c63d174b5b9c14bbfb76d9cc0b','SYSUID-SS023','CI0025','물가만 아니면 런던에서 살텐데... ㅠㅠ','Y',4,'SYSUID-SS023','2018-07-24 10:38:50','SYSUID-SS023','2018-07-24 10:38:50');

/*
-- Query: SELECT * FROM skysearch.ss_contactus
LIMIT 0, 1000

-- Date: 2018-07-24 11:11
*/
INSERT INTO `ss_contactus` (`CONTACTUS_SEQ`,`NAME`,`PHONE`,`EMAIL`,`CONTACT_TEXT`,`ENABLE`,`REGISTER_SEQ`,`REGISTRY_DATE`,`MODIFIER_SEQ`,`MODIFY_DATE`) VALUES 
('13b7b301482f4d45bbde8034824243bf','이승주','109191919','jake0119@naver.com','배고파요\r\n스시,조아요','N','UUID-1111-1111111','2018-07-20 11:12:27','UUID-1111-1111111','2018-07-20 11:12:27'),
('3033d3cadb6f4014b666fb3670a57b21','인호임','01025252525','limho@naver.com','깔끔깔끔','Y','UUID-1111-1111111','2018-07-24 10:36:34','UUID-1111-1111111','2018-07-24 10:36:34'),
('5b9dde4b52524306a95eb89e2f5ea976','사용자','010-123-1234','multi@multicam.com','항상 잘 사용하고 있습니다~','Y','UUID-1111-1111111','2018-07-24 10:24:02','UUID-1111-1111111','2018-07-24 10:24:02'),
('675ca38efbf1482f89652fa42ac282e3','이승주','01026506850','jake0119@naver.com','저랑 대화 나누실분 20대 여성만!','Y','UUID-1111-1111111','2018-07-24 10:50:06','UUID-1111-1111111','2018-07-24 10:50:06'),
('f5738078ad964fe58a644384eb3a8b83','이승주','010010010010','skysearch@skysearch.com','히히히히히히 마우스 포인터 귀엽다~','N','UUID-1111-1111111','2018-07-23 10:29:45','UUID-1111-1111111','2018-07-23 10:29:45');
